tsa,year,vcut,abrn,cflw_acut_e,cgen_vcut_e,cgen_abrn_e
tsa01,2015,611393,675,0.1,0.01,0.01
tsa01,2016,611393,675,0.1,0.01,0.01
tsa01,2017,611393,675,0.1,0.01,0.01
tsa01,2018,611393,675,0.1,0.01,0.01
tsa01,2019,611393,675,0.1,0.01,0.01
tsa01,2020,611393,675,0.1,0.01,0.01
tsa01,2021,611393,675,0.1,0.01,0.01
tsa01,2022,611393,675,0.1,0.01,0.01
tsa01,2023,611393,675,0.1,0.01,0.01
tsa01,2024,611393,675,0.1,0.01,0.01
tsa01,2025,551081,675,0.1,0.01,0.01
tsa01,2026,551081,675,0.1,0.01,0.01
tsa01,2027,551081,675,0.1,0.01,0.01
tsa01,2028,551081,675,0.1,0.01,0.01
tsa01,2029,551081,675,0.1,0.01,0.01
tsa01,2030,551081,675,0.1,0.01,0.01
tsa01,2031,551081,675,0.1,0.01,0.01
tsa01,2032,551081,675,0.1,0.01,0.01
tsa01,2033,551081,675,0.1,0.01,0.01
tsa01,2034,551081,675,0.1,0.01,0.01
tsa01,2035,523194,675,0.1,0.01,0.01
tsa01,2036,523194,675,0.1,0.01,0.01
tsa01,2037,523194,675,0.1,0.01,0.01
tsa01,2038,523194,675,0.1,0.01,0.01
tsa01,2039,523194,675,0.1,0.01,0.01
tsa01,2040,523194,675,0.1,0.01,0.01
tsa01,2041,523194,675,0.1,0.01,0.01
tsa01,2042,523194,675,0.1,0.01,0.01
tsa01,2043,523194,675,0.1,0.01,0.01
tsa01,2044,523194,675,0.1,0.01,0.01
tsa01,2045,520393,675,0.1,0.01,0.01
tsa01,2046,520393,675,0.1,0.01,0.01
tsa01,2047,520393,675,0.1,0.01,0.01
tsa01,2048,520393,675,0.1,0.01,0.01
tsa01,2049,520393,675,0.1,0.01,0.01
tsa01,2050,520393,675,0.1,0.01,0.01
tsa01,2051,520393,675,0.1,0.01,0.01
tsa01,2052,520393,675,0.1,0.01,0.01
tsa01,2053,520393,675,0.1,0.01,0.01
tsa01,2054,520393,675,0.1,0.01,0.01
tsa01,2055,520276,675,0.1,0.01,0.01
tsa01,2056,520276,675,0.1,0.01,0.01
tsa01,2057,520276,675,0.1,0.01,0.01
tsa01,2058,520276,675,0.1,0.01,0.01
tsa01,2059,520276,675,0.1,0.01,0.01
tsa01,2060,520276,675,0.1,0.01,0.01
tsa01,2061,520276,675,0.1,0.01,0.01
tsa01,2062,520276,675,0.1,0.01,0.01
tsa01,2063,520276,675,0.1,0.01,0.01
tsa01,2064,520276,675,0.1,0.01,0.01
tsa01,2065,520276,675,0.1,0.01,0.01
tsa01,2066,520276,675,0.1,0.01,0.01
tsa01,2067,520276,675,0.1,0.01,0.01
tsa01,2068,520276,675,0.1,0.01,0.01
tsa01,2069,520276,675,0.1,0.01,0.01
tsa01,2070,520276,675,0.1,0.01,0.01
tsa01,2071,520276,675,0.1,0.01,0.01
tsa01,2072,520276,675,0.1,0.01,0.01
tsa01,2073,520276,675,0.1,0.01,0.01
tsa01,2074,520276,675,0.1,0.01,0.01
tsa02,2015,542219,41,0.1,0.01,0.01
tsa02,2016,542219,41,0.1,0.01,0.01
tsa02,2017,542219,41,0.1,0.01,0.01
tsa02,2018,542219,41,0.1,0.01,0.01
tsa02,2019,542219,41,0.1,0.01,0.01
tsa02,2020,542219,41,0.1,0.01,0.01
tsa02,2021,542219,41,0.1,0.01,0.01
tsa02,2022,542219,41,0.1,0.01,0.01
tsa02,2023,542219,41,0.1,0.01,0.01
tsa02,2024,542219,41,0.1,0.01,0.01
tsa02,2025,488731,41,0.1,0.01,0.01
tsa02,2026,488731,41,0.1,0.01,0.01
tsa02,2027,488731,41,0.1,0.01,0.01
tsa02,2028,488731,41,0.1,0.01,0.01
tsa02,2029,488731,41,0.1,0.01,0.01
tsa02,2030,488731,41,0.1,0.01,0.01
tsa02,2031,488731,41,0.1,0.01,0.01
tsa02,2032,488731,41,0.1,0.01,0.01
tsa02,2033,488731,41,0.1,0.01,0.01
tsa02,2034,488731,41,0.1,0.01,0.01
tsa02,2035,463999,41,0.1,0.01,0.01
tsa02,2036,463999,41,0.1,0.01,0.01
tsa02,2037,463999,41,0.1,0.01,0.01
tsa02,2038,463999,41,0.1,0.01,0.01
tsa02,2039,463999,41,0.1,0.01,0.01
tsa02,2040,463999,41,0.1,0.01,0.01
tsa02,2041,463999,41,0.1,0.01,0.01
tsa02,2042,463999,41,0.1,0.01,0.01
tsa02,2043,463999,41,0.1,0.01,0.01
tsa02,2044,463999,41,0.1,0.01,0.01
tsa02,2045,461514,41,0.1,0.01,0.01
tsa02,2046,461514,41,0.1,0.01,0.01
tsa02,2047,461514,41,0.1,0.01,0.01
tsa02,2048,461514,41,0.1,0.01,0.01
tsa02,2049,461514,41,0.1,0.01,0.01
tsa02,2050,461514,41,0.1,0.01,0.01
tsa02,2051,461514,41,0.1,0.01,0.01
tsa02,2052,461514,41,0.1,0.01,0.01
tsa02,2053,461514,41,0.1,0.01,0.01
tsa02,2054,461514,41,0.1,0.01,0.01
tsa02,2055,461410,41,0.1,0.01,0.01
tsa02,2056,461410,41,0.1,0.01,0.01
tsa02,2057,461410,41,0.1,0.01,0.01
tsa02,2058,461410,41,0.1,0.01,0.01
tsa02,2059,461410,41,0.1,0.01,0.01
tsa02,2060,461410,41,0.1,0.01,0.01
tsa02,2061,461410,41,0.1,0.01,0.01
tsa02,2062,461410,41,0.1,0.01,0.01
tsa02,2063,461410,41,0.1,0.01,0.01
tsa02,2064,461410,41,0.1,0.01,0.01
tsa02,2065,461410,41,0.1,0.01,0.01
tsa02,2066,461410,41,0.1,0.01,0.01
tsa02,2067,461410,41,0.1,0.01,0.01
tsa02,2068,461410,41,0.1,0.01,0.01
tsa02,2069,461410,41,0.1,0.01,0.01
tsa02,2070,461410,41,0.1,0.01,0.01
tsa02,2071,461410,41,0.1,0.01,0.01
tsa02,2072,461410,41,0.1,0.01,0.01
tsa02,2073,461410,41,0.1,0.01,0.01
tsa02,2074,461410,41,0.1,0.01,0.01
tsa03,2015,766208,306,0.1,0.01,0.01
tsa03,2016,766208,306,0.1,0.01,0.01
tsa03,2017,766208,306,0.1,0.01,0.01
tsa03,2018,766208,306,0.1,0.01,0.01
tsa03,2019,766208,306,0.1,0.01,0.01
tsa03,2020,766208,306,0.1,0.01,0.01
tsa03,2021,766208,306,0.1,0.01,0.01
tsa03,2022,766208,306,0.1,0.01,0.01
tsa03,2023,766208,306,0.1,0.01,0.01
tsa03,2024,766208,306,0.1,0.01,0.01
tsa03,2025,690625,306,0.1,0.01,0.01
tsa03,2026,690625,306,0.1,0.01,0.01
tsa03,2027,690625,306,0.1,0.01,0.01
tsa03,2028,690625,306,0.1,0.01,0.01
tsa03,2029,690625,306,0.1,0.01,0.01
tsa03,2030,690625,306,0.1,0.01,0.01
tsa03,2031,690625,306,0.1,0.01,0.01
tsa03,2032,690625,306,0.1,0.01,0.01
tsa03,2033,690625,306,0.1,0.01,0.01
tsa03,2034,690625,306,0.1,0.01,0.01
tsa03,2035,655676,306,0.1,0.01,0.01
tsa03,2036,655676,306,0.1,0.01,0.01
tsa03,2037,655676,306,0.1,0.01,0.01
tsa03,2038,655676,306,0.1,0.01,0.01
tsa03,2039,655676,306,0.1,0.01,0.01
tsa03,2040,655676,306,0.1,0.01,0.01
tsa03,2041,655676,306,0.1,0.01,0.01
tsa03,2042,655676,306,0.1,0.01,0.01
tsa03,2043,655676,306,0.1,0.01,0.01
tsa03,2044,655676,306,0.1,0.01,0.01
tsa03,2045,652165,306,0.1,0.01,0.01
tsa03,2046,652165,306,0.1,0.01,0.01
tsa03,2047,652165,306,0.1,0.01,0.01
tsa03,2048,652165,306,0.1,0.01,0.01
tsa03,2049,652165,306,0.1,0.01,0.01
tsa03,2050,652165,306,0.1,0.01,0.01
tsa03,2051,652165,306,0.1,0.01,0.01
tsa03,2052,652165,306,0.1,0.01,0.01
tsa03,2053,652165,306,0.1,0.01,0.01
tsa03,2054,652165,306,0.1,0.01,0.01
tsa03,2055,652018,306,0.1,0.01,0.01
tsa03,2056,652018,306,0.1,0.01,0.01
tsa03,2057,652018,306,0.1,0.01,0.01
tsa03,2058,652018,306,0.1,0.01,0.01
tsa03,2059,652018,306,0.1,0.01,0.01
tsa03,2060,652018,306,0.1,0.01,0.01
tsa03,2061,652018,306,0.1,0.01,0.01
tsa03,2062,652018,306,0.1,0.01,0.01
tsa03,2063,652018,306,0.1,0.01,0.01
tsa03,2064,652018,306,0.1,0.01,0.01
tsa03,2065,652018,306,0.1,0.01,0.01
tsa03,2066,652018,306,0.1,0.01,0.01
tsa03,2067,652018,306,0.1,0.01,0.01
tsa03,2068,652018,306,0.1,0.01,0.01
tsa03,2069,652018,306,0.1,0.01,0.01
tsa03,2070,652018,306,0.1,0.01,0.01
tsa03,2071,652018,306,0.1,0.01,0.01
tsa03,2072,652018,306,0.1,0.01,0.01
tsa03,2073,652018,306,0.1,0.01,0.01
tsa03,2074,652018,306,0.1,0.01,0.01
tsa04,2015,144005,9494,0.1,0.01,0.01
tsa04,2016,144005,9494,0.1,0.01,0.01
tsa04,2017,144005,9494,0.1,0.01,0.01
tsa04,2018,144005,9494,0.1,0.01,0.01
tsa04,2019,144005,9494,0.1,0.01,0.01
tsa04,2020,144005,9494,0.1,0.01,0.01
tsa04,2021,144005,9494,0.1,0.01,0.01
tsa04,2022,144005,9494,0.1,0.01,0.01
tsa04,2023,144005,9494,0.1,0.01,0.01
tsa04,2024,144005,9494,0.1,0.01,0.01
tsa04,2025,129800,9494,0.1,0.01,0.01
tsa04,2026,129800,9494,0.1,0.01,0.01
tsa04,2027,129800,9494,0.1,0.01,0.01
tsa04,2028,129800,9494,0.1,0.01,0.01
tsa04,2029,129800,9494,0.1,0.01,0.01
tsa04,2030,129800,9494,0.1,0.01,0.01
tsa04,2031,129800,9494,0.1,0.01,0.01
tsa04,2032,129800,9494,0.1,0.01,0.01
tsa04,2033,129800,9494,0.1,0.01,0.01
tsa04,2034,129800,9494,0.1,0.01,0.01
tsa04,2035,123231,9494,0.1,0.01,0.01
tsa04,2036,123231,9494,0.1,0.01,0.01
tsa04,2037,123231,9494,0.1,0.01,0.01
tsa04,2038,123231,9494,0.1,0.01,0.01
tsa04,2039,123231,9494,0.1,0.01,0.01
tsa04,2040,123231,9494,0.1,0.01,0.01
tsa04,2041,123231,9494,0.1,0.01,0.01
tsa04,2042,123231,9494,0.1,0.01,0.01
tsa04,2043,123231,9494,0.1,0.01,0.01
tsa04,2044,123231,9494,0.1,0.01,0.01
tsa04,2045,122571,9494,0.1,0.01,0.01
tsa04,2046,122571,9494,0.1,0.01,0.01
tsa04,2047,122571,9494,0.1,0.01,0.01
tsa04,2048,122571,9494,0.1,0.01,0.01
tsa04,2049,122571,9494,0.1,0.01,0.01
tsa04,2050,122571,9494,0.1,0.01,0.01
tsa04,2051,122571,9494,0.1,0.01,0.01
tsa04,2052,122571,9494,0.1,0.01,0.01
tsa04,2053,122571,9494,0.1,0.01,0.01
tsa04,2054,122571,9494,0.1,0.01,0.01
tsa04,2055,122544,9494,0.1,0.01,0.01
tsa04,2056,122544,9494,0.1,0.01,0.01
tsa04,2057,122544,9494,0.1,0.01,0.01
tsa04,2058,122544,9494,0.1,0.01,0.01
tsa04,2059,122544,9494,0.1,0.01,0.01
tsa04,2060,122544,9494,0.1,0.01,0.01
tsa04,2061,122544,9494,0.1,0.01,0.01
tsa04,2062,122544,9494,0.1,0.01,0.01
tsa04,2063,122544,9494,0.1,0.01,0.01
tsa04,2064,122544,9494,0.1,0.01,0.01
tsa04,2065,122544,9494,0.1,0.01,0.01
tsa04,2066,122544,9494,0.1,0.01,0.01
tsa04,2067,122544,9494,0.1,0.01,0.01
tsa04,2068,122544,9494,0.1,0.01,0.01
tsa04,2069,122544,9494,0.1,0.01,0.01
tsa04,2070,122544,9494,0.1,0.01,0.01
tsa04,2071,122544,9494,0.1,0.01,0.01
tsa04,2072,122544,9494,0.1,0.01,0.01
tsa04,2073,122544,9494,0.1,0.01,0.01
tsa04,2074,122544,9494,0.1,0.01,0.01
tsa05,2015,523810,1043,0.1,0.01,0.01
tsa05,2016,523810,1043,0.1,0.01,0.01
tsa05,2017,523810,1043,0.1,0.01,0.01
tsa05,2018,523810,1043,0.1,0.01,0.01
tsa05,2019,523810,1043,0.1,0.01,0.01
tsa05,2020,523810,1043,0.1,0.01,0.01
tsa05,2021,523810,1043,0.1,0.01,0.01
tsa05,2022,523810,1043,0.1,0.01,0.01
tsa05,2023,523810,1043,0.1,0.01,0.01
tsa05,2024,523810,1043,0.1,0.01,0.01
tsa05,2025,472139,1043,0.1,0.01,0.01
tsa05,2026,472139,1043,0.1,0.01,0.01
tsa05,2027,472139,1043,0.1,0.01,0.01
tsa05,2028,472139,1043,0.1,0.01,0.01
tsa05,2029,472139,1043,0.1,0.01,0.01
tsa05,2030,472139,1043,0.1,0.01,0.01
tsa05,2031,472139,1043,0.1,0.01,0.01
tsa05,2032,472139,1043,0.1,0.01,0.01
tsa05,2033,472139,1043,0.1,0.01,0.01
tsa05,2034,472139,1043,0.1,0.01,0.01
tsa05,2035,448246,1043,0.1,0.01,0.01
tsa05,2036,448246,1043,0.1,0.01,0.01
tsa05,2037,448246,1043,0.1,0.01,0.01
tsa05,2038,448246,1043,0.1,0.01,0.01
tsa05,2039,448246,1043,0.1,0.01,0.01
tsa05,2040,448246,1043,0.1,0.01,0.01
tsa05,2041,448246,1043,0.1,0.01,0.01
tsa05,2042,448246,1043,0.1,0.01,0.01
tsa05,2043,448246,1043,0.1,0.01,0.01
tsa05,2044,448246,1043,0.1,0.01,0.01
tsa05,2045,445846,1043,0.1,0.01,0.01
tsa05,2046,445846,1043,0.1,0.01,0.01
tsa05,2047,445846,1043,0.1,0.01,0.01
tsa05,2048,445846,1043,0.1,0.01,0.01
tsa05,2049,445846,1043,0.1,0.01,0.01
tsa05,2050,445846,1043,0.1,0.01,0.01
tsa05,2051,445846,1043,0.1,0.01,0.01
tsa05,2052,445846,1043,0.1,0.01,0.01
tsa05,2053,445846,1043,0.1,0.01,0.01
tsa05,2054,445846,1043,0.1,0.01,0.01
tsa05,2055,445746,1043,0.1,0.01,0.01
tsa05,2056,445746,1043,0.1,0.01,0.01
tsa05,2057,445746,1043,0.1,0.01,0.01
tsa05,2058,445746,1043,0.1,0.01,0.01
tsa05,2059,445746,1043,0.1,0.01,0.01
tsa05,2060,445746,1043,0.1,0.01,0.01
tsa05,2061,445746,1043,0.1,0.01,0.01
tsa05,2062,445746,1043,0.1,0.01,0.01
tsa05,2063,445746,1043,0.1,0.01,0.01
tsa05,2064,445746,1043,0.1,0.01,0.01
tsa05,2065,445746,1043,0.1,0.01,0.01
tsa05,2066,445746,1043,0.1,0.01,0.01
tsa05,2067,445746,1043,0.1,0.01,0.01
tsa05,2068,445746,1043,0.1,0.01,0.01
tsa05,2069,445746,1043,0.1,0.01,0.01
tsa05,2070,445746,1043,0.1,0.01,0.01
tsa05,2071,445746,1043,0.1,0.01,0.01
tsa05,2072,445746,1043,0.1,0.01,0.01
tsa05,2073,445746,1043,0.1,0.01,0.01
tsa05,2074,445746,1043,0.1,0.01,0.01
tsa07,2015,304961,1218,0.1,0.01,0.01
tsa07,2016,304961,1218,0.1,0.01,0.01
tsa07,2017,304961,1218,0.1,0.01,0.01
tsa07,2018,304961,1218,0.1,0.01,0.01
tsa07,2019,304961,1218,0.1,0.01,0.01
tsa07,2020,304961,1218,0.1,0.01,0.01
tsa07,2021,304961,1218,0.1,0.01,0.01
tsa07,2022,304961,1218,0.1,0.01,0.01
tsa07,2023,304961,1218,0.1,0.01,0.01
tsa07,2024,304961,1218,0.1,0.01,0.01
tsa07,2025,274878,1218,0.1,0.01,0.01
tsa07,2026,274878,1218,0.1,0.01,0.01
tsa07,2027,274878,1218,0.1,0.01,0.01
tsa07,2028,274878,1218,0.1,0.01,0.01
tsa07,2029,274878,1218,0.1,0.01,0.01
tsa07,2030,274878,1218,0.1,0.01,0.01
tsa07,2031,274878,1218,0.1,0.01,0.01
tsa07,2032,274878,1218,0.1,0.01,0.01
tsa07,2033,274878,1218,0.1,0.01,0.01
tsa07,2034,274878,1218,0.1,0.01,0.01
tsa07,2035,260967,1218,0.1,0.01,0.01
tsa07,2036,260967,1218,0.1,0.01,0.01
tsa07,2037,260967,1218,0.1,0.01,0.01
tsa07,2038,260967,1218,0.1,0.01,0.01
tsa07,2039,260967,1218,0.1,0.01,0.01
tsa07,2040,260967,1218,0.1,0.01,0.01
tsa07,2041,260967,1218,0.1,0.01,0.01
tsa07,2042,260967,1218,0.1,0.01,0.01
tsa07,2043,260967,1218,0.1,0.01,0.01
tsa07,2044,260967,1218,0.1,0.01,0.01
tsa07,2045,259570,1218,0.1,0.01,0.01
tsa07,2046,259570,1218,0.1,0.01,0.01
tsa07,2047,259570,1218,0.1,0.01,0.01
tsa07,2048,259570,1218,0.1,0.01,0.01
tsa07,2049,259570,1218,0.1,0.01,0.01
tsa07,2050,259570,1218,0.1,0.01,0.01
tsa07,2051,259570,1218,0.1,0.01,0.01
tsa07,2052,259570,1218,0.1,0.01,0.01
tsa07,2053,259570,1218,0.1,0.01,0.01
tsa07,2054,259570,1218,0.1,0.01,0.01
tsa07,2055,259512,1218,0.1,0.01,0.01
tsa07,2056,259512,1218,0.1,0.01,0.01
tsa07,2057,259512,1218,0.1,0.01,0.01
tsa07,2058,259512,1218,0.1,0.01,0.01
tsa07,2059,259512,1218,0.1,0.01,0.01
tsa07,2060,259512,1218,0.1,0.01,0.01
tsa07,2061,259512,1218,0.1,0.01,0.01
tsa07,2062,259512,1218,0.1,0.01,0.01
tsa07,2063,259512,1218,0.1,0.01,0.01
tsa07,2064,259512,1218,0.1,0.01,0.01
tsa07,2065,259512,1218,0.1,0.01,0.01
tsa07,2066,259512,1218,0.1,0.01,0.01
tsa07,2067,259512,1218,0.1,0.01,0.01
tsa07,2068,259512,1218,0.1,0.01,0.01
tsa07,2069,259512,1218,0.1,0.01,0.01
tsa07,2070,259512,1218,0.1,0.01,0.01
tsa07,2071,259512,1218,0.1,0.01,0.01
tsa07,2072,259512,1218,0.1,0.01,0.01
tsa07,2073,259512,1218,0.1,0.01,0.01
tsa07,2074,259512,1218,0.1,0.01,0.01
tsa08,2015,1280658,10156,0.1,0.01,0.01
tsa08,2016,1280658,10156,0.1,0.01,0.01
tsa08,2017,1280658,10156,0.1,0.01,0.01
tsa08,2018,1280658,10156,0.1,0.01,0.01
tsa08,2019,1280658,10156,0.1,0.01,0.01
tsa08,2020,1280658,10156,0.1,0.01,0.01
tsa08,2021,1280658,10156,0.1,0.01,0.01
tsa08,2022,1280658,10156,0.1,0.01,0.01
tsa08,2023,1280658,10156,0.1,0.01,0.01
tsa08,2024,1280658,10156,0.1,0.01,0.01
tsa08,2025,1154327,10156,0.1,0.01,0.01
tsa08,2026,1154327,10156,0.1,0.01,0.01
tsa08,2027,1154327,10156,0.1,0.01,0.01
tsa08,2028,1154327,10156,0.1,0.01,0.01
tsa08,2029,1154327,10156,0.1,0.01,0.01
tsa08,2030,1154327,10156,0.1,0.01,0.01
tsa08,2031,1154327,10156,0.1,0.01,0.01
tsa08,2032,1154327,10156,0.1,0.01,0.01
tsa08,2033,1154327,10156,0.1,0.01,0.01
tsa08,2034,1154327,10156,0.1,0.01,0.01
tsa08,2035,1095912,10156,0.1,0.01,0.01
tsa08,2036,1095912,10156,0.1,0.01,0.01
tsa08,2037,1095912,10156,0.1,0.01,0.01
tsa08,2038,1095912,10156,0.1,0.01,0.01
tsa08,2039,1095912,10156,0.1,0.01,0.01
tsa08,2040,1095912,10156,0.1,0.01,0.01
tsa08,2041,1095912,10156,0.1,0.01,0.01
tsa08,2042,1095912,10156,0.1,0.01,0.01
tsa08,2043,1095912,10156,0.1,0.01,0.01
tsa08,2044,1095912,10156,0.1,0.01,0.01
tsa08,2045,1090044,10156,0.1,0.01,0.01
tsa08,2046,1090044,10156,0.1,0.01,0.01
tsa08,2047,1090044,10156,0.1,0.01,0.01
tsa08,2048,1090044,10156,0.1,0.01,0.01
tsa08,2049,1090044,10156,0.1,0.01,0.01
tsa08,2050,1090044,10156,0.1,0.01,0.01
tsa08,2051,1090044,10156,0.1,0.01,0.01
tsa08,2052,1090044,10156,0.1,0.01,0.01
tsa08,2053,1090044,10156,0.1,0.01,0.01
tsa08,2054,1090044,10156,0.1,0.01,0.01
tsa08,2055,1089799,10156,0.1,0.01,0.01
tsa08,2056,1089799,10156,0.1,0.01,0.01
tsa08,2057,1089799,10156,0.1,0.01,0.01
tsa08,2058,1089799,10156,0.1,0.01,0.01
tsa08,2059,1089799,10156,0.1,0.01,0.01
tsa08,2060,1089799,10156,0.1,0.01,0.01
tsa08,2061,1089799,10156,0.1,0.01,0.01
tsa08,2062,1089799,10156,0.1,0.01,0.01
tsa08,2063,1089799,10156,0.1,0.01,0.01
tsa08,2064,1089799,10156,0.1,0.01,0.01
tsa08,2065,1089799,10156,0.1,0.01,0.01
tsa08,2066,1089799,10156,0.1,0.01,0.01
tsa08,2067,1089799,10156,0.1,0.01,0.01
tsa08,2068,1089799,10156,0.1,0.01,0.01
tsa08,2069,1089799,10156,0.1,0.01,0.01
tsa08,2070,1089799,10156,0.1,0.01,0.01
tsa08,2071,1089799,10156,0.1,0.01,0.01
tsa08,2072,1089799,10156,0.1,0.01,0.01
tsa08,2073,1089799,10156,0.1,0.01,0.01
tsa08,2074,1089799,10156,0.1,0.01,0.01
tsa09,2015,475493,1173,0.1,0.01,0.01
tsa09,2016,475493,1173,0.1,0.01,0.01
tsa09,2017,475493,1173,0.1,0.01,0.01
tsa09,2018,475493,1173,0.1,0.01,0.01
tsa09,2019,475493,1173,0.1,0.01,0.01
tsa09,2020,475493,1173,0.1,0.01,0.01
tsa09,2021,475493,1173,0.1,0.01,0.01
tsa09,2022,475493,1173,0.1,0.01,0.01
tsa09,2023,475493,1173,0.1,0.01,0.01
tsa09,2024,475493,1173,0.1,0.01,0.01
tsa09,2025,428587,1173,0.1,0.01,0.01
tsa09,2026,428587,1173,0.1,0.01,0.01
tsa09,2027,428587,1173,0.1,0.01,0.01
tsa09,2028,428587,1173,0.1,0.01,0.01
tsa09,2029,428587,1173,0.1,0.01,0.01
tsa09,2030,428587,1173,0.1,0.01,0.01
tsa09,2031,428587,1173,0.1,0.01,0.01
tsa09,2032,428587,1173,0.1,0.01,0.01
tsa09,2033,428587,1173,0.1,0.01,0.01
tsa09,2034,428587,1173,0.1,0.01,0.01
tsa09,2035,406899,1173,0.1,0.01,0.01
tsa09,2036,406899,1173,0.1,0.01,0.01
tsa09,2037,406899,1173,0.1,0.01,0.01
tsa09,2038,406899,1173,0.1,0.01,0.01
tsa09,2039,406899,1173,0.1,0.01,0.01
tsa09,2040,406899,1173,0.1,0.01,0.01
tsa09,2041,406899,1173,0.1,0.01,0.01
tsa09,2042,406899,1173,0.1,0.01,0.01
tsa09,2043,406899,1173,0.1,0.01,0.01
tsa09,2044,406899,1173,0.1,0.01,0.01
tsa09,2045,404720,1173,0.1,0.01,0.01
tsa09,2046,404720,1173,0.1,0.01,0.01
tsa09,2047,404720,1173,0.1,0.01,0.01
tsa09,2048,404720,1173,0.1,0.01,0.01
tsa09,2049,404720,1173,0.1,0.01,0.01
tsa09,2050,404720,1173,0.1,0.01,0.01
tsa09,2051,404720,1173,0.1,0.01,0.01
tsa09,2052,404720,1173,0.1,0.01,0.01
tsa09,2053,404720,1173,0.1,0.01,0.01
tsa09,2054,404720,1173,0.1,0.01,0.01
tsa09,2055,404629,1173,0.1,0.01,0.01
tsa09,2056,404629,1173,0.1,0.01,0.01
tsa09,2057,404629,1173,0.1,0.01,0.01
tsa09,2058,404629,1173,0.1,0.01,0.01
tsa09,2059,404629,1173,0.1,0.01,0.01
tsa09,2060,404629,1173,0.1,0.01,0.01
tsa09,2061,404629,1173,0.1,0.01,0.01
tsa09,2062,404629,1173,0.1,0.01,0.01
tsa09,2063,404629,1173,0.1,0.01,0.01
tsa09,2064,404629,1173,0.1,0.01,0.01
tsa09,2065,404629,1173,0.1,0.01,0.01
tsa09,2066,404629,1173,0.1,0.01,0.01
tsa09,2067,404629,1173,0.1,0.01,0.01
tsa09,2068,404629,1173,0.1,0.01,0.01
tsa09,2069,404629,1173,0.1,0.01,0.01
tsa09,2070,404629,1173,0.1,0.01,0.01
tsa09,2071,404629,1173,0.1,0.01,0.01
tsa09,2072,404629,1173,0.1,0.01,0.01
tsa09,2073,404629,1173,0.1,0.01,0.01
tsa09,2074,404629,1173,0.1,0.01,0.01
tsa10,2015,424886,26,0.1,0.01,0.01
tsa10,2016,424886,26,0.1,0.01,0.01
tsa10,2017,424886,26,0.1,0.01,0.01
tsa10,2018,424886,26,0.1,0.01,0.01
tsa10,2019,424886,26,0.1,0.01,0.01
tsa10,2020,424886,26,0.1,0.01,0.01
tsa10,2021,424886,26,0.1,0.01,0.01
tsa10,2022,424886,26,0.1,0.01,0.01
tsa10,2023,424886,26,0.1,0.01,0.01
tsa10,2024,424886,26,0.1,0.01,0.01
tsa10,2025,382973,26,0.1,0.01,0.01
tsa10,2026,382973,26,0.1,0.01,0.01
tsa10,2027,382973,26,0.1,0.01,0.01
tsa10,2028,382973,26,0.1,0.01,0.01
tsa10,2029,382973,26,0.1,0.01,0.01
tsa10,2030,382973,26,0.1,0.01,0.01
tsa10,2031,382973,26,0.1,0.01,0.01
tsa10,2032,382973,26,0.1,0.01,0.01
tsa10,2033,382973,26,0.1,0.01,0.01
tsa10,2034,382973,26,0.1,0.01,0.01
tsa10,2035,363593,26,0.1,0.01,0.01
tsa10,2036,363593,26,0.1,0.01,0.01
tsa10,2037,363593,26,0.1,0.01,0.01
tsa10,2038,363593,26,0.1,0.01,0.01
tsa10,2039,363593,26,0.1,0.01,0.01
tsa10,2040,363593,26,0.1,0.01,0.01
tsa10,2041,363593,26,0.1,0.01,0.01
tsa10,2042,363593,26,0.1,0.01,0.01
tsa10,2043,363593,26,0.1,0.01,0.01
tsa10,2044,363593,26,0.1,0.01,0.01
tsa10,2045,361646,26,0.1,0.01,0.01
tsa10,2046,361646,26,0.1,0.01,0.01
tsa10,2047,361646,26,0.1,0.01,0.01
tsa10,2048,361646,26,0.1,0.01,0.01
tsa10,2049,361646,26,0.1,0.01,0.01
tsa10,2050,361646,26,0.1,0.01,0.01
tsa10,2051,361646,26,0.1,0.01,0.01
tsa10,2052,361646,26,0.1,0.01,0.01
tsa10,2053,361646,26,0.1,0.01,0.01
tsa10,2054,361646,26,0.1,0.01,0.01
tsa10,2055,361564,26,0.1,0.01,0.01
tsa10,2056,361564,26,0.1,0.01,0.01
tsa10,2057,361564,26,0.1,0.01,0.01
tsa10,2058,361564,26,0.1,0.01,0.01
tsa10,2059,361564,26,0.1,0.01,0.01
tsa10,2060,361564,26,0.1,0.01,0.01
tsa10,2061,361564,26,0.1,0.01,0.01
tsa10,2062,361564,26,0.1,0.01,0.01
tsa10,2063,361564,26,0.1,0.01,0.01
tsa10,2064,361564,26,0.1,0.01,0.01
tsa10,2065,361564,26,0.1,0.01,0.01
tsa10,2066,361564,26,0.1,0.01,0.01
tsa10,2067,361564,26,0.1,0.01,0.01
tsa10,2068,361564,26,0.1,0.01,0.01
tsa10,2069,361564,26,0.1,0.01,0.01
tsa10,2070,361564,26,0.1,0.01,0.01
tsa10,2071,361564,26,0.1,0.01,0.01
tsa10,2072,361564,26,0.1,0.01,0.01
tsa10,2073,361564,26,0.1,0.01,0.01
tsa10,2074,361564,26,0.1,0.01,0.01
tsa11,2015,1996115,3705,0.1,0.01,0.01
tsa11,2016,1996115,3705,0.1,0.01,0.01
tsa11,2017,1996115,3705,0.1,0.01,0.01
tsa11,2018,1996115,3705,0.1,0.01,0.01
tsa11,2019,1996115,3705,0.1,0.01,0.01
tsa11,2020,1996115,3705,0.1,0.01,0.01
tsa11,2021,1996115,3705,0.1,0.01,0.01
tsa11,2022,1996115,3705,0.1,0.01,0.01
tsa11,2023,1996115,3705,0.1,0.01,0.01
tsa11,2024,1996115,3705,0.1,0.01,0.01
tsa11,2025,1799206,3705,0.1,0.01,0.01
tsa11,2026,1799206,3705,0.1,0.01,0.01
tsa11,2027,1799206,3705,0.1,0.01,0.01
tsa11,2028,1799206,3705,0.1,0.01,0.01
tsa11,2029,1799206,3705,0.1,0.01,0.01
tsa11,2030,1799206,3705,0.1,0.01,0.01
tsa11,2031,1799206,3705,0.1,0.01,0.01
tsa11,2032,1799206,3705,0.1,0.01,0.01
tsa11,2033,1799206,3705,0.1,0.01,0.01
tsa11,2034,1799206,3705,0.1,0.01,0.01
tsa11,2035,1708158,3705,0.1,0.01,0.01
tsa11,2036,1708158,3705,0.1,0.01,0.01
tsa11,2037,1708158,3705,0.1,0.01,0.01
tsa11,2038,1708158,3705,0.1,0.01,0.01
tsa11,2039,1708158,3705,0.1,0.01,0.01
tsa11,2040,1708158,3705,0.1,0.01,0.01
tsa11,2041,1708158,3705,0.1,0.01,0.01
tsa11,2042,1708158,3705,0.1,0.01,0.01
tsa11,2043,1708158,3705,0.1,0.01,0.01
tsa11,2044,1708158,3705,0.1,0.01,0.01
tsa11,2045,1699012,3705,0.1,0.01,0.01
tsa11,2046,1699012,3705,0.1,0.01,0.01
tsa11,2047,1699012,3705,0.1,0.01,0.01
tsa11,2048,1699012,3705,0.1,0.01,0.01
tsa11,2049,1699012,3705,0.1,0.01,0.01
tsa11,2050,1699012,3705,0.1,0.01,0.01
tsa11,2051,1699012,3705,0.1,0.01,0.01
tsa11,2052,1699012,3705,0.1,0.01,0.01
tsa11,2053,1699012,3705,0.1,0.01,0.01
tsa11,2054,1699012,3705,0.1,0.01,0.01
tsa11,2055,1698630,3705,0.1,0.01,0.01
tsa11,2056,1698630,3705,0.1,0.01,0.01
tsa11,2057,1698630,3705,0.1,0.01,0.01
tsa11,2058,1698630,3705,0.1,0.01,0.01
tsa11,2059,1698630,3705,0.1,0.01,0.01
tsa11,2060,1698630,3705,0.1,0.01,0.01
tsa11,2061,1698630,3705,0.1,0.01,0.01
tsa11,2062,1698630,3705,0.1,0.01,0.01
tsa11,2063,1698630,3705,0.1,0.01,0.01
tsa11,2064,1698630,3705,0.1,0.01,0.01
tsa11,2065,1698630,3705,0.1,0.01,0.01
tsa11,2066,1698630,3705,0.1,0.01,0.01
tsa11,2067,1698630,3705,0.1,0.01,0.01
tsa11,2068,1698630,3705,0.1,0.01,0.01
tsa11,2069,1698630,3705,0.1,0.01,0.01
tsa11,2070,1698630,3705,0.1,0.01,0.01
tsa11,2071,1698630,3705,0.1,0.01,0.01
tsa11,2072,1698630,3705,0.1,0.01,0.01
tsa11,2073,1698630,3705,0.1,0.01,0.01
tsa11,2074,1698630,3705,0.1,0.01,0.01
tsa12,2015,846931,97,0.1,0.01,0.01
tsa12,2016,846931,97,0.1,0.01,0.01
tsa12,2017,846931,97,0.1,0.01,0.01
tsa12,2018,846931,97,0.1,0.01,0.01
tsa12,2019,846931,97,0.1,0.01,0.01
tsa12,2020,846931,97,0.1,0.01,0.01
tsa12,2021,846931,97,0.1,0.01,0.01
tsa12,2022,846931,97,0.1,0.01,0.01
tsa12,2023,846931,97,0.1,0.01,0.01
tsa12,2024,846931,97,0.1,0.01,0.01
tsa12,2025,763385,97,0.1,0.01,0.01
tsa12,2026,763385,97,0.1,0.01,0.01
tsa12,2027,763385,97,0.1,0.01,0.01
tsa12,2028,763385,97,0.1,0.01,0.01
tsa12,2029,763385,97,0.1,0.01,0.01
tsa12,2030,763385,97,0.1,0.01,0.01
tsa12,2031,763385,97,0.1,0.01,0.01
tsa12,2032,763385,97,0.1,0.01,0.01
tsa12,2033,763385,97,0.1,0.01,0.01
tsa12,2034,763385,97,0.1,0.01,0.01
tsa12,2035,724754,97,0.1,0.01,0.01
tsa12,2036,724754,97,0.1,0.01,0.01
tsa12,2037,724754,97,0.1,0.01,0.01
tsa12,2038,724754,97,0.1,0.01,0.01
tsa12,2039,724754,97,0.1,0.01,0.01
tsa12,2040,724754,97,0.1,0.01,0.01
tsa12,2041,724754,97,0.1,0.01,0.01
tsa12,2042,724754,97,0.1,0.01,0.01
tsa12,2043,724754,97,0.1,0.01,0.01
tsa12,2044,724754,97,0.1,0.01,0.01
tsa12,2045,720873,97,0.1,0.01,0.01
tsa12,2046,720873,97,0.1,0.01,0.01
tsa12,2047,720873,97,0.1,0.01,0.01
tsa12,2048,720873,97,0.1,0.01,0.01
tsa12,2049,720873,97,0.1,0.01,0.01
tsa12,2050,720873,97,0.1,0.01,0.01
tsa12,2051,720873,97,0.1,0.01,0.01
tsa12,2052,720873,97,0.1,0.01,0.01
tsa12,2053,720873,97,0.1,0.01,0.01
tsa12,2054,720873,97,0.1,0.01,0.01
tsa12,2055,720711,97,0.1,0.01,0.01
tsa12,2056,720711,97,0.1,0.01,0.01
tsa12,2057,720711,97,0.1,0.01,0.01
tsa12,2058,720711,97,0.1,0.01,0.01
tsa12,2059,720711,97,0.1,0.01,0.01
tsa12,2060,720711,97,0.1,0.01,0.01
tsa12,2061,720711,97,0.1,0.01,0.01
tsa12,2062,720711,97,0.1,0.01,0.01
tsa12,2063,720711,97,0.1,0.01,0.01
tsa12,2064,720711,97,0.1,0.01,0.01
tsa12,2065,720711,97,0.1,0.01,0.01
tsa12,2066,720711,97,0.1,0.01,0.01
tsa12,2067,720711,97,0.1,0.01,0.01
tsa12,2068,720711,97,0.1,0.01,0.01
tsa12,2069,720711,97,0.1,0.01,0.01
tsa12,2070,720711,97,0.1,0.01,0.01
tsa12,2071,720711,97,0.1,0.01,0.01
tsa12,2072,720711,97,0.1,0.01,0.01
tsa12,2073,720711,97,0.1,0.01,0.01
tsa12,2074,720711,97,0.1,0.01,0.01
tsa13,2015,462517,1191,0.1,0.01,0.01
tsa13,2016,462517,1191,0.1,0.01,0.01
tsa13,2017,462517,1191,0.1,0.01,0.01
tsa13,2018,462517,1191,0.1,0.01,0.01
tsa13,2019,462517,1191,0.1,0.01,0.01
tsa13,2020,462517,1191,0.1,0.01,0.01
tsa13,2021,462517,1191,0.1,0.01,0.01
tsa13,2022,462517,1191,0.1,0.01,0.01
tsa13,2023,462517,1191,0.1,0.01,0.01
tsa13,2024,462517,1191,0.1,0.01,0.01
tsa13,2025,416892,1191,0.1,0.01,0.01
tsa13,2026,416892,1191,0.1,0.01,0.01
tsa13,2027,416892,1191,0.1,0.01,0.01
tsa13,2028,416892,1191,0.1,0.01,0.01
tsa13,2029,416892,1191,0.1,0.01,0.01
tsa13,2030,416892,1191,0.1,0.01,0.01
tsa13,2031,416892,1191,0.1,0.01,0.01
tsa13,2032,416892,1191,0.1,0.01,0.01
tsa13,2033,416892,1191,0.1,0.01,0.01
tsa13,2034,416892,1191,0.1,0.01,0.01
tsa13,2035,395795,1191,0.1,0.01,0.01
tsa13,2036,395795,1191,0.1,0.01,0.01
tsa13,2037,395795,1191,0.1,0.01,0.01
tsa13,2038,395795,1191,0.1,0.01,0.01
tsa13,2039,395795,1191,0.1,0.01,0.01
tsa13,2040,395795,1191,0.1,0.01,0.01
tsa13,2041,395795,1191,0.1,0.01,0.01
tsa13,2042,395795,1191,0.1,0.01,0.01
tsa13,2043,395795,1191,0.1,0.01,0.01
tsa13,2044,395795,1191,0.1,0.01,0.01
tsa13,2045,393676,1191,0.1,0.01,0.01
tsa13,2046,393676,1191,0.1,0.01,0.01
tsa13,2047,393676,1191,0.1,0.01,0.01
tsa13,2048,393676,1191,0.1,0.01,0.01
tsa13,2049,393676,1191,0.1,0.01,0.01
tsa13,2050,393676,1191,0.1,0.01,0.01
tsa13,2051,393676,1191,0.1,0.01,0.01
tsa13,2052,393676,1191,0.1,0.01,0.01
tsa13,2053,393676,1191,0.1,0.01,0.01
tsa13,2054,393676,1191,0.1,0.01,0.01
tsa13,2055,393587,1191,0.1,0.01,0.01
tsa13,2056,393587,1191,0.1,0.01,0.01
tsa13,2057,393587,1191,0.1,0.01,0.01
tsa13,2058,393587,1191,0.1,0.01,0.01
tsa13,2059,393587,1191,0.1,0.01,0.01
tsa13,2060,393587,1191,0.1,0.01,0.01
tsa13,2061,393587,1191,0.1,0.01,0.01
tsa13,2062,393587,1191,0.1,0.01,0.01
tsa13,2063,393587,1191,0.1,0.01,0.01
tsa13,2064,393587,1191,0.1,0.01,0.01
tsa13,2065,393587,1191,0.1,0.01,0.01
tsa13,2066,393587,1191,0.1,0.01,0.01
tsa13,2067,393587,1191,0.1,0.01,0.01
tsa13,2068,393587,1191,0.1,0.01,0.01
tsa13,2069,393587,1191,0.1,0.01,0.01
tsa13,2070,393587,1191,0.1,0.01,0.01
tsa13,2071,393587,1191,0.1,0.01,0.01
tsa13,2072,393587,1191,0.1,0.01,0.01
tsa13,2073,393587,1191,0.1,0.01,0.01
tsa13,2074,393587,1191,0.1,0.01,0.01
tsa14,2015,1264996,4990,0.1,0.01,0.01
tsa14,2016,1264996,4990,0.1,0.01,0.01
tsa14,2017,1264996,4990,0.1,0.01,0.01
tsa14,2018,1264996,4990,0.1,0.01,0.01
tsa14,2019,1264996,4990,0.1,0.01,0.01
tsa14,2020,1264996,4990,0.1,0.01,0.01
tsa14,2021,1264996,4990,0.1,0.01,0.01
tsa14,2022,1264996,4990,0.1,0.01,0.01
tsa14,2023,1264996,4990,0.1,0.01,0.01
tsa14,2024,1264996,4990,0.1,0.01,0.01
tsa14,2025,1140209,4990,0.1,0.01,0.01
tsa14,2026,1140209,4990,0.1,0.01,0.01
tsa14,2027,1140209,4990,0.1,0.01,0.01
tsa14,2028,1140209,4990,0.1,0.01,0.01
tsa14,2029,1140209,4990,0.1,0.01,0.01
tsa14,2030,1140209,4990,0.1,0.01,0.01
tsa14,2031,1140209,4990,0.1,0.01,0.01
tsa14,2032,1140209,4990,0.1,0.01,0.01
tsa14,2033,1140209,4990,0.1,0.01,0.01
tsa14,2034,1140209,4990,0.1,0.01,0.01
tsa14,2035,1082510,4990,0.1,0.01,0.01
tsa14,2036,1082510,4990,0.1,0.01,0.01
tsa14,2037,1082510,4990,0.1,0.01,0.01
tsa14,2038,1082510,4990,0.1,0.01,0.01
tsa14,2039,1082510,4990,0.1,0.01,0.01
tsa14,2040,1082510,4990,0.1,0.01,0.01
tsa14,2041,1082510,4990,0.1,0.01,0.01
tsa14,2042,1082510,4990,0.1,0.01,0.01
tsa14,2043,1082510,4990,0.1,0.01,0.01
tsa14,2044,1082510,4990,0.1,0.01,0.01
tsa14,2045,1076713,4990,0.1,0.01,0.01
tsa14,2046,1076713,4990,0.1,0.01,0.01
tsa14,2047,1076713,4990,0.1,0.01,0.01
tsa14,2048,1076713,4990,0.1,0.01,0.01
tsa14,2049,1076713,4990,0.1,0.01,0.01
tsa14,2050,1076713,4990,0.1,0.01,0.01
tsa14,2051,1076713,4990,0.1,0.01,0.01
tsa14,2052,1076713,4990,0.1,0.01,0.01
tsa14,2053,1076713,4990,0.1,0.01,0.01
tsa14,2054,1076713,4990,0.1,0.01,0.01
tsa14,2055,1076471,4990,0.1,0.01,0.01
tsa14,2056,1076471,4990,0.1,0.01,0.01
tsa14,2057,1076471,4990,0.1,0.01,0.01
tsa14,2058,1076471,4990,0.1,0.01,0.01
tsa14,2059,1076471,4990,0.1,0.01,0.01
tsa14,2060,1076471,4990,0.1,0.01,0.01
tsa14,2061,1076471,4990,0.1,0.01,0.01
tsa14,2062,1076471,4990,0.1,0.01,0.01
tsa14,2063,1076471,4990,0.1,0.01,0.01
tsa14,2064,1076471,4990,0.1,0.01,0.01
tsa14,2065,1076471,4990,0.1,0.01,0.01
tsa14,2066,1076471,4990,0.1,0.01,0.01
tsa14,2067,1076471,4990,0.1,0.01,0.01
tsa14,2068,1076471,4990,0.1,0.01,0.01
tsa14,2069,1076471,4990,0.1,0.01,0.01
tsa14,2070,1076471,4990,0.1,0.01,0.01
tsa14,2071,1076471,4990,0.1,0.01,0.01
tsa14,2072,1076471,4990,0.1,0.01,0.01
tsa14,2073,1076471,4990,0.1,0.01,0.01
tsa14,2074,1076471,4990,0.1,0.01,0.01
tsa15,2015,434219,2405,0.1,0.01,0.01
tsa15,2016,434219,2405,0.1,0.01,0.01
tsa15,2017,434219,2405,0.1,0.01,0.01
tsa15,2018,434219,2405,0.1,0.01,0.01
tsa15,2019,434219,2405,0.1,0.01,0.01
tsa15,2020,434219,2405,0.1,0.01,0.01
tsa15,2021,434219,2405,0.1,0.01,0.01
tsa15,2022,434219,2405,0.1,0.01,0.01
tsa15,2023,434219,2405,0.1,0.01,0.01
tsa15,2024,434219,2405,0.1,0.01,0.01
tsa15,2025,391385,2405,0.1,0.01,0.01
tsa15,2026,391385,2405,0.1,0.01,0.01
tsa15,2027,391385,2405,0.1,0.01,0.01
tsa15,2028,391385,2405,0.1,0.01,0.01
tsa15,2029,391385,2405,0.1,0.01,0.01
tsa15,2030,391385,2405,0.1,0.01,0.01
tsa15,2031,391385,2405,0.1,0.01,0.01
tsa15,2032,391385,2405,0.1,0.01,0.01
tsa15,2033,391385,2405,0.1,0.01,0.01
tsa15,2034,391385,2405,0.1,0.01,0.01
tsa15,2035,371579,2405,0.1,0.01,0.01
tsa15,2036,371579,2405,0.1,0.01,0.01
tsa15,2037,371579,2405,0.1,0.01,0.01
tsa15,2038,371579,2405,0.1,0.01,0.01
tsa15,2039,371579,2405,0.1,0.01,0.01
tsa15,2040,371579,2405,0.1,0.01,0.01
tsa15,2041,371579,2405,0.1,0.01,0.01
tsa15,2042,371579,2405,0.1,0.01,0.01
tsa15,2043,371579,2405,0.1,0.01,0.01
tsa15,2044,371579,2405,0.1,0.01,0.01
tsa15,2045,369589,2405,0.1,0.01,0.01
tsa15,2046,369589,2405,0.1,0.01,0.01
tsa15,2047,369589,2405,0.1,0.01,0.01
tsa15,2048,369589,2405,0.1,0.01,0.01
tsa15,2049,369589,2405,0.1,0.01,0.01
tsa15,2050,369589,2405,0.1,0.01,0.01
tsa15,2051,369589,2405,0.1,0.01,0.01
tsa15,2052,369589,2405,0.1,0.01,0.01
tsa15,2053,369589,2405,0.1,0.01,0.01
tsa15,2054,369589,2405,0.1,0.01,0.01
tsa15,2055,369506,2405,0.1,0.01,0.01
tsa15,2056,369506,2405,0.1,0.01,0.01
tsa15,2057,369506,2405,0.1,0.01,0.01
tsa15,2058,369506,2405,0.1,0.01,0.01
tsa15,2059,369506,2405,0.1,0.01,0.01
tsa15,2060,369506,2405,0.1,0.01,0.01
tsa15,2061,369506,2405,0.1,0.01,0.01
tsa15,2062,369506,2405,0.1,0.01,0.01
tsa15,2063,369506,2405,0.1,0.01,0.01
tsa15,2064,369506,2405,0.1,0.01,0.01
tsa15,2065,369506,2405,0.1,0.01,0.01
tsa15,2066,369506,2405,0.1,0.01,0.01
tsa15,2067,369506,2405,0.1,0.01,0.01
tsa15,2068,369506,2405,0.1,0.01,0.01
tsa15,2069,369506,2405,0.1,0.01,0.01
tsa15,2070,369506,2405,0.1,0.01,0.01
tsa15,2071,369506,2405,0.1,0.01,0.01
tsa15,2072,369506,2405,0.1,0.01,0.01
tsa15,2073,369506,2405,0.1,0.01,0.01
tsa15,2074,369506,2405,0.1,0.01,0.01
tsa16,2015,3575454,6398,0.1,0.01,0.01
tsa16,2016,3575454,6398,0.1,0.01,0.01
tsa16,2017,3575454,6398,0.1,0.01,0.01
tsa16,2018,3575454,6398,0.1,0.01,0.01
tsa16,2019,3575454,6398,0.1,0.01,0.01
tsa16,2020,3575454,6398,0.1,0.01,0.01
tsa16,2021,3575454,6398,0.1,0.01,0.01
tsa16,2022,3575454,6398,0.1,0.01,0.01
tsa16,2023,3575454,6398,0.1,0.01,0.01
tsa16,2024,3575454,6398,0.1,0.01,0.01
tsa16,2025,3222750,6398,0.1,0.01,0.01
tsa16,2026,3222750,6398,0.1,0.01,0.01
tsa16,2027,3222750,6398,0.1,0.01,0.01
tsa16,2028,3222750,6398,0.1,0.01,0.01
tsa16,2029,3222750,6398,0.1,0.01,0.01
tsa16,2030,3222750,6398,0.1,0.01,0.01
tsa16,2031,3222750,6398,0.1,0.01,0.01
tsa16,2032,3222750,6398,0.1,0.01,0.01
tsa16,2033,3222750,6398,0.1,0.01,0.01
tsa16,2034,3222750,6398,0.1,0.01,0.01
tsa16,2035,3059664,6398,0.1,0.01,0.01
tsa16,2036,3059664,6398,0.1,0.01,0.01
tsa16,2037,3059664,6398,0.1,0.01,0.01
tsa16,2038,3059664,6398,0.1,0.01,0.01
tsa16,2039,3059664,6398,0.1,0.01,0.01
tsa16,2040,3059664,6398,0.1,0.01,0.01
tsa16,2041,3059664,6398,0.1,0.01,0.01
tsa16,2042,3059664,6398,0.1,0.01,0.01
tsa16,2043,3059664,6398,0.1,0.01,0.01
tsa16,2044,3059664,6398,0.1,0.01,0.01
tsa16,2045,3043281,6398,0.1,0.01,0.01
tsa16,2046,3043281,6398,0.1,0.01,0.01
tsa16,2047,3043281,6398,0.1,0.01,0.01
tsa16,2048,3043281,6398,0.1,0.01,0.01
tsa16,2049,3043281,6398,0.1,0.01,0.01
tsa16,2050,3043281,6398,0.1,0.01,0.01
tsa16,2051,3043281,6398,0.1,0.01,0.01
tsa16,2052,3043281,6398,0.1,0.01,0.01
tsa16,2053,3043281,6398,0.1,0.01,0.01
tsa16,2054,3043281,6398,0.1,0.01,0.01
tsa16,2055,3042596,6398,0.1,0.01,0.01
tsa16,2056,3042596,6398,0.1,0.01,0.01
tsa16,2057,3042596,6398,0.1,0.01,0.01
tsa16,2058,3042596,6398,0.1,0.01,0.01
tsa16,2059,3042596,6398,0.1,0.01,0.01
tsa16,2060,3042596,6398,0.1,0.01,0.01
tsa16,2061,3042596,6398,0.1,0.01,0.01
tsa16,2062,3042596,6398,0.1,0.01,0.01
tsa16,2063,3042596,6398,0.1,0.01,0.01
tsa16,2064,3042596,6398,0.1,0.01,0.01
tsa16,2065,3042596,6398,0.1,0.01,0.01
tsa16,2066,3042596,6398,0.1,0.01,0.01
tsa16,2067,3042596,6398,0.1,0.01,0.01
tsa16,2068,3042596,6398,0.1,0.01,0.01
tsa16,2069,3042596,6398,0.1,0.01,0.01
tsa16,2070,3042596,6398,0.1,0.01,0.01
tsa16,2071,3042596,6398,0.1,0.01,0.01
tsa16,2072,3042596,6398,0.1,0.01,0.01
tsa16,2073,3042596,6398,0.1,0.01,0.01
tsa16,2074,3042596,6398,0.1,0.01,0.01
tsa17,2015,272352,398,0.1,0.01,0.01
tsa17,2016,272352,398,0.1,0.01,0.01
tsa17,2017,272352,398,0.1,0.01,0.01
tsa17,2018,272352,398,0.1,0.01,0.01
tsa17,2019,272352,398,0.1,0.01,0.01
tsa17,2020,272352,398,0.1,0.01,0.01
tsa17,2021,272352,398,0.1,0.01,0.01
tsa17,2022,272352,398,0.1,0.01,0.01
tsa17,2023,272352,398,0.1,0.01,0.01
tsa17,2024,272352,398,0.1,0.01,0.01
tsa17,2025,245485,398,0.1,0.01,0.01
tsa17,2026,245485,398,0.1,0.01,0.01
tsa17,2027,245485,398,0.1,0.01,0.01
tsa17,2028,245485,398,0.1,0.01,0.01
tsa17,2029,245485,398,0.1,0.01,0.01
tsa17,2030,245485,398,0.1,0.01,0.01
tsa17,2031,245485,398,0.1,0.01,0.01
tsa17,2032,245485,398,0.1,0.01,0.01
tsa17,2033,245485,398,0.1,0.01,0.01
tsa17,2034,245485,398,0.1,0.01,0.01
tsa17,2035,233062,398,0.1,0.01,0.01
tsa17,2036,233062,398,0.1,0.01,0.01
tsa17,2037,233062,398,0.1,0.01,0.01
tsa17,2038,233062,398,0.1,0.01,0.01
tsa17,2039,233062,398,0.1,0.01,0.01
tsa17,2040,233062,398,0.1,0.01,0.01
tsa17,2041,233062,398,0.1,0.01,0.01
tsa17,2042,233062,398,0.1,0.01,0.01
tsa17,2043,233062,398,0.1,0.01,0.01
tsa17,2044,233062,398,0.1,0.01,0.01
tsa17,2045,231814,398,0.1,0.01,0.01
tsa17,2046,231814,398,0.1,0.01,0.01
tsa17,2047,231814,398,0.1,0.01,0.01
tsa17,2048,231814,398,0.1,0.01,0.01
tsa17,2049,231814,398,0.1,0.01,0.01
tsa17,2050,231814,398,0.1,0.01,0.01
tsa17,2051,231814,398,0.1,0.01,0.01
tsa17,2052,231814,398,0.1,0.01,0.01
tsa17,2053,231814,398,0.1,0.01,0.01
tsa17,2054,231814,398,0.1,0.01,0.01
tsa17,2055,231762,398,0.1,0.01,0.01
tsa17,2056,231762,398,0.1,0.01,0.01
tsa17,2057,231762,398,0.1,0.01,0.01
tsa17,2058,231762,398,0.1,0.01,0.01
tsa17,2059,231762,398,0.1,0.01,0.01
tsa17,2060,231762,398,0.1,0.01,0.01
tsa17,2061,231762,398,0.1,0.01,0.01
tsa17,2062,231762,398,0.1,0.01,0.01
tsa17,2063,231762,398,0.1,0.01,0.01
tsa17,2064,231762,398,0.1,0.01,0.01
tsa17,2065,231762,398,0.1,0.01,0.01
tsa17,2066,231762,398,0.1,0.01,0.01
tsa17,2067,231762,398,0.1,0.01,0.01
tsa17,2068,231762,398,0.1,0.01,0.01
tsa17,2069,231762,398,0.1,0.01,0.01
tsa17,2070,231762,398,0.1,0.01,0.01
tsa17,2071,231762,398,0.1,0.01,0.01
tsa17,2072,231762,398,0.1,0.01,0.01
tsa17,2073,231762,398,0.1,0.01,0.01
tsa17,2074,231762,398,0.1,0.01,0.01
tsa18,2015,1163040,977,0.1,0.01,0.01
tsa18,2016,1163040,977,0.1,0.01,0.01
tsa18,2017,1163040,977,0.1,0.01,0.01
tsa18,2018,1163040,977,0.1,0.01,0.01
tsa18,2019,1163040,977,0.1,0.01,0.01
tsa18,2020,1163040,977,0.1,0.01,0.01
tsa18,2021,1163040,977,0.1,0.01,0.01
tsa18,2022,1163040,977,0.1,0.01,0.01
tsa18,2023,1163040,977,0.1,0.01,0.01
tsa18,2024,1163040,977,0.1,0.01,0.01
tsa18,2025,1048311,977,0.1,0.01,0.01
tsa18,2026,1048311,977,0.1,0.01,0.01
tsa18,2027,1048311,977,0.1,0.01,0.01
tsa18,2028,1048311,977,0.1,0.01,0.01
tsa18,2029,1048311,977,0.1,0.01,0.01
tsa18,2030,1048311,977,0.1,0.01,0.01
tsa18,2031,1048311,977,0.1,0.01,0.01
tsa18,2032,1048311,977,0.1,0.01,0.01
tsa18,2033,1048311,977,0.1,0.01,0.01
tsa18,2034,1048311,977,0.1,0.01,0.01
tsa18,2035,995261,977,0.1,0.01,0.01
tsa18,2036,995261,977,0.1,0.01,0.01
tsa18,2037,995261,977,0.1,0.01,0.01
tsa18,2038,995261,977,0.1,0.01,0.01
tsa18,2039,995261,977,0.1,0.01,0.01
tsa18,2040,995261,977,0.1,0.01,0.01
tsa18,2041,995261,977,0.1,0.01,0.01
tsa18,2042,995261,977,0.1,0.01,0.01
tsa18,2043,995261,977,0.1,0.01,0.01
tsa18,2044,995261,977,0.1,0.01,0.01
tsa18,2045,989932,977,0.1,0.01,0.01
tsa18,2046,989932,977,0.1,0.01,0.01
tsa18,2047,989932,977,0.1,0.01,0.01
tsa18,2048,989932,977,0.1,0.01,0.01
tsa18,2049,989932,977,0.1,0.01,0.01
tsa18,2050,989932,977,0.1,0.01,0.01
tsa18,2051,989932,977,0.1,0.01,0.01
tsa18,2052,989932,977,0.1,0.01,0.01
tsa18,2053,989932,977,0.1,0.01,0.01
tsa18,2054,989932,977,0.1,0.01,0.01
tsa18,2055,989710,977,0.1,0.01,0.01
tsa18,2056,989710,977,0.1,0.01,0.01
tsa18,2057,989710,977,0.1,0.01,0.01
tsa18,2058,989710,977,0.1,0.01,0.01
tsa18,2059,989710,977,0.1,0.01,0.01
tsa18,2060,989710,977,0.1,0.01,0.01
tsa18,2061,989710,977,0.1,0.01,0.01
tsa18,2062,989710,977,0.1,0.01,0.01
tsa18,2063,989710,977,0.1,0.01,0.01
tsa18,2064,989710,977,0.1,0.01,0.01
tsa18,2065,989710,977,0.1,0.01,0.01
tsa18,2066,989710,977,0.1,0.01,0.01
tsa18,2067,989710,977,0.1,0.01,0.01
tsa18,2068,989710,977,0.1,0.01,0.01
tsa18,2069,989710,977,0.1,0.01,0.01
tsa18,2070,989710,977,0.1,0.01,0.01
tsa18,2071,989710,977,0.1,0.01,0.01
tsa18,2072,989710,977,0.1,0.01,0.01
tsa18,2073,989710,977,0.1,0.01,0.01
tsa18,2074,989710,977,0.1,0.01,0.01
tsa19,2015,410484,1698,0.1,0.01,0.01
tsa19,2016,410484,1698,0.1,0.01,0.01
tsa19,2017,410484,1698,0.1,0.01,0.01
tsa19,2018,410484,1698,0.1,0.01,0.01
tsa19,2019,410484,1698,0.1,0.01,0.01
tsa19,2020,410484,1698,0.1,0.01,0.01
tsa19,2021,410484,1698,0.1,0.01,0.01
tsa19,2022,410484,1698,0.1,0.01,0.01
tsa19,2023,410484,1698,0.1,0.01,0.01
tsa19,2024,410484,1698,0.1,0.01,0.01
tsa19,2025,369991,1698,0.1,0.01,0.01
tsa19,2026,369991,1698,0.1,0.01,0.01
tsa19,2027,369991,1698,0.1,0.01,0.01
tsa19,2028,369991,1698,0.1,0.01,0.01
tsa19,2029,369991,1698,0.1,0.01,0.01
tsa19,2030,369991,1698,0.1,0.01,0.01
tsa19,2031,369991,1698,0.1,0.01,0.01
tsa19,2032,369991,1698,0.1,0.01,0.01
tsa19,2033,369991,1698,0.1,0.01,0.01
tsa19,2034,369991,1698,0.1,0.01,0.01
tsa19,2035,351268,1698,0.1,0.01,0.01
tsa19,2036,351268,1698,0.1,0.01,0.01
tsa19,2037,351268,1698,0.1,0.01,0.01
tsa19,2038,351268,1698,0.1,0.01,0.01
tsa19,2039,351268,1698,0.1,0.01,0.01
tsa19,2040,351268,1698,0.1,0.01,0.01
tsa19,2041,351268,1698,0.1,0.01,0.01
tsa19,2042,351268,1698,0.1,0.01,0.01
tsa19,2043,351268,1698,0.1,0.01,0.01
tsa19,2044,351268,1698,0.1,0.01,0.01
tsa19,2045,349387,1698,0.1,0.01,0.01
tsa19,2046,349387,1698,0.1,0.01,0.01
tsa19,2047,349387,1698,0.1,0.01,0.01
tsa19,2048,349387,1698,0.1,0.01,0.01
tsa19,2049,349387,1698,0.1,0.01,0.01
tsa19,2050,349387,1698,0.1,0.01,0.01
tsa19,2051,349387,1698,0.1,0.01,0.01
tsa19,2052,349387,1698,0.1,0.01,0.01
tsa19,2053,349387,1698,0.1,0.01,0.01
tsa19,2054,349387,1698,0.1,0.01,0.01
tsa19,2055,349308,1698,0.1,0.01,0.01
tsa19,2056,349308,1698,0.1,0.01,0.01
tsa19,2057,349308,1698,0.1,0.01,0.01
tsa19,2058,349308,1698,0.1,0.01,0.01
tsa19,2059,349308,1698,0.1,0.01,0.01
tsa19,2060,349308,1698,0.1,0.01,0.01
tsa19,2061,349308,1698,0.1,0.01,0.01
tsa19,2062,349308,1698,0.1,0.01,0.01
tsa19,2063,349308,1698,0.1,0.01,0.01
tsa19,2064,349308,1698,0.1,0.01,0.01
tsa19,2065,349308,1698,0.1,0.01,0.01
tsa19,2066,349308,1698,0.1,0.01,0.01
tsa19,2067,349308,1698,0.1,0.01,0.01
tsa19,2068,349308,1698,0.1,0.01,0.01
tsa19,2069,349308,1698,0.1,0.01,0.01
tsa19,2070,349308,1698,0.1,0.01,0.01
tsa19,2071,349308,1698,0.1,0.01,0.01
tsa19,2072,349308,1698,0.1,0.01,0.01
tsa19,2073,349308,1698,0.1,0.01,0.01
tsa19,2074,349308,1698,0.1,0.01,0.01
tsa20,2015,1504054,635,0.1,0.01,0.01
tsa20,2016,1504054,635,0.1,0.01,0.01
tsa20,2017,1504054,635,0.1,0.01,0.01
tsa20,2018,1504054,635,0.1,0.01,0.01
tsa20,2019,1504054,635,0.1,0.01,0.01
tsa20,2020,1504054,635,0.1,0.01,0.01
tsa20,2021,1504054,635,0.1,0.01,0.01
tsa20,2022,1504054,635,0.1,0.01,0.01
tsa20,2023,1504054,635,0.1,0.01,0.01
tsa20,2024,1504054,635,0.1,0.01,0.01
tsa20,2025,1355685,635,0.1,0.01,0.01
tsa20,2026,1355685,635,0.1,0.01,0.01
tsa20,2027,1355685,635,0.1,0.01,0.01
tsa20,2028,1355685,635,0.1,0.01,0.01
tsa20,2029,1355685,635,0.1,0.01,0.01
tsa20,2030,1355685,635,0.1,0.01,0.01
tsa20,2031,1355685,635,0.1,0.01,0.01
tsa20,2032,1355685,635,0.1,0.01,0.01
tsa20,2033,1355685,635,0.1,0.01,0.01
tsa20,2034,1355685,635,0.1,0.01,0.01
tsa20,2035,1287081,635,0.1,0.01,0.01
tsa20,2036,1287081,635,0.1,0.01,0.01
tsa20,2037,1287081,635,0.1,0.01,0.01
tsa20,2038,1287081,635,0.1,0.01,0.01
tsa20,2039,1287081,635,0.1,0.01,0.01
tsa20,2040,1287081,635,0.1,0.01,0.01
tsa20,2041,1287081,635,0.1,0.01,0.01
tsa20,2042,1287081,635,0.1,0.01,0.01
tsa20,2043,1287081,635,0.1,0.01,0.01
tsa20,2044,1287081,635,0.1,0.01,0.01
tsa20,2045,1280190,635,0.1,0.01,0.01
tsa20,2046,1280190,635,0.1,0.01,0.01
tsa20,2047,1280190,635,0.1,0.01,0.01
tsa20,2048,1280190,635,0.1,0.01,0.01
tsa20,2049,1280190,635,0.1,0.01,0.01
tsa20,2050,1280190,635,0.1,0.01,0.01
tsa20,2051,1280190,635,0.1,0.01,0.01
tsa20,2052,1280190,635,0.1,0.01,0.01
tsa20,2053,1280190,635,0.1,0.01,0.01
tsa20,2054,1280190,635,0.1,0.01,0.01
tsa20,2055,1279902,635,0.1,0.01,0.01
tsa20,2056,1279902,635,0.1,0.01,0.01
tsa20,2057,1279902,635,0.1,0.01,0.01
tsa20,2058,1279902,635,0.1,0.01,0.01
tsa20,2059,1279902,635,0.1,0.01,0.01
tsa20,2060,1279902,635,0.1,0.01,0.01
tsa20,2061,1279902,635,0.1,0.01,0.01
tsa20,2062,1279902,635,0.1,0.01,0.01
tsa20,2063,1279902,635,0.1,0.01,0.01
tsa20,2064,1279902,635,0.1,0.01,0.01
tsa20,2065,1279902,635,0.1,0.01,0.01
tsa20,2066,1279902,635,0.1,0.01,0.01
tsa20,2067,1279902,635,0.1,0.01,0.01
tsa20,2068,1279902,635,0.1,0.01,0.01
tsa20,2069,1279902,635,0.1,0.01,0.01
tsa20,2070,1279902,635,0.1,0.01,0.01
tsa20,2071,1279902,635,0.1,0.01,0.01
tsa20,2072,1279902,635,0.1,0.01,0.01
tsa20,2073,1279902,635,0.1,0.01,0.01
tsa20,2074,1279902,635,0.1,0.01,0.01
tsa21,2015,283799,0,0.1,0.01,0.01
tsa21,2016,283799,0,0.1,0.01,0.01
tsa21,2017,283799,0,0.1,0.01,0.01
tsa21,2018,283799,0,0.1,0.01,0.01
tsa21,2019,283799,0,0.1,0.01,0.01
tsa21,2020,283799,0,0.1,0.01,0.01
tsa21,2021,283799,0,0.1,0.01,0.01
tsa21,2022,283799,0,0.1,0.01,0.01
tsa21,2023,283799,0,0.1,0.01,0.01
tsa21,2024,283799,0,0.1,0.01,0.01
tsa21,2025,255804,0,0.1,0.01,0.01
tsa21,2026,255804,0,0.1,0.01,0.01
tsa21,2027,255804,0,0.1,0.01,0.01
tsa21,2028,255804,0,0.1,0.01,0.01
tsa21,2029,255804,0,0.1,0.01,0.01
tsa21,2030,255804,0,0.1,0.01,0.01
tsa21,2031,255804,0,0.1,0.01,0.01
tsa21,2032,255804,0,0.1,0.01,0.01
tsa21,2033,255804,0,0.1,0.01,0.01
tsa21,2034,255804,0,0.1,0.01,0.01
tsa21,2035,242859,0,0.1,0.01,0.01
tsa21,2036,242859,0,0.1,0.01,0.01
tsa21,2037,242859,0,0.1,0.01,0.01
tsa21,2038,242859,0,0.1,0.01,0.01
tsa21,2039,242859,0,0.1,0.01,0.01
tsa21,2040,242859,0,0.1,0.01,0.01
tsa21,2041,242859,0,0.1,0.01,0.01
tsa21,2042,242859,0,0.1,0.01,0.01
tsa21,2043,242859,0,0.1,0.01,0.01
tsa21,2044,242859,0,0.1,0.01,0.01
tsa21,2045,241558,0,0.1,0.01,0.01
tsa21,2046,241558,0,0.1,0.01,0.01
tsa21,2047,241558,0,0.1,0.01,0.01
tsa21,2048,241558,0,0.1,0.01,0.01
tsa21,2049,241558,0,0.1,0.01,0.01
tsa21,2050,241558,0,0.1,0.01,0.01
tsa21,2051,241558,0,0.1,0.01,0.01
tsa21,2052,241558,0,0.1,0.01,0.01
tsa21,2053,241558,0,0.1,0.01,0.01
tsa21,2054,241558,0,0.1,0.01,0.01
tsa21,2055,241504,0,0.1,0.01,0.01
tsa21,2056,241504,0,0.1,0.01,0.01
tsa21,2057,241504,0,0.1,0.01,0.01
tsa21,2058,241504,0,0.1,0.01,0.01
tsa21,2059,241504,0,0.1,0.01,0.01
tsa21,2060,241504,0,0.1,0.01,0.01
tsa21,2061,241504,0,0.1,0.01,0.01
tsa21,2062,241504,0,0.1,0.01,0.01
tsa21,2063,241504,0,0.1,0.01,0.01
tsa21,2064,241504,0,0.1,0.01,0.01
tsa21,2065,241504,0,0.1,0.01,0.01
tsa21,2066,241504,0,0.1,0.01,0.01
tsa21,2067,241504,0,0.1,0.01,0.01
tsa21,2068,241504,0,0.1,0.01,0.01
tsa21,2069,241504,0,0.1,0.01,0.01
tsa21,2070,241504,0,0.1,0.01,0.01
tsa21,2071,241504,0,0.1,0.01,0.01
tsa21,2072,241504,0,0.1,0.01,0.01
tsa21,2073,241504,0,0.1,0.01,0.01
tsa21,2074,241504,0,0.1,0.01,0.01
tsa22,2015,2528903,3124,0.1,0.01,0.01
tsa22,2016,2528903,3124,0.1,0.01,0.01
tsa22,2017,2528903,3124,0.1,0.01,0.01
tsa22,2018,2528903,3124,0.1,0.01,0.01
tsa22,2019,2528903,3124,0.1,0.01,0.01
tsa22,2020,2528903,3124,0.1,0.01,0.01
tsa22,2021,2528903,3124,0.1,0.01,0.01
tsa22,2022,2528903,3124,0.1,0.01,0.01
tsa22,2023,2528903,3124,0.1,0.01,0.01
tsa22,2024,2528903,3124,0.1,0.01,0.01
tsa22,2025,2279437,3124,0.1,0.01,0.01
tsa22,2026,2279437,3124,0.1,0.01,0.01
tsa22,2027,2279437,3124,0.1,0.01,0.01
tsa22,2028,2279437,3124,0.1,0.01,0.01
tsa22,2029,2279437,3124,0.1,0.01,0.01
tsa22,2030,2279437,3124,0.1,0.01,0.01
tsa22,2031,2279437,3124,0.1,0.01,0.01
tsa22,2032,2279437,3124,0.1,0.01,0.01
tsa22,2033,2279437,3124,0.1,0.01,0.01
tsa22,2034,2279437,3124,0.1,0.01,0.01
tsa22,2035,2164087,3124,0.1,0.01,0.01
tsa22,2036,2164087,3124,0.1,0.01,0.01
tsa22,2037,2164087,3124,0.1,0.01,0.01
tsa22,2038,2164087,3124,0.1,0.01,0.01
tsa22,2039,2164087,3124,0.1,0.01,0.01
tsa22,2040,2164087,3124,0.1,0.01,0.01
tsa22,2041,2164087,3124,0.1,0.01,0.01
tsa22,2042,2164087,3124,0.1,0.01,0.01
tsa22,2043,2164087,3124,0.1,0.01,0.01
tsa22,2044,2164087,3124,0.1,0.01,0.01
tsa22,2045,2152500,3124,0.1,0.01,0.01
tsa22,2046,2152500,3124,0.1,0.01,0.01
tsa22,2047,2152500,3124,0.1,0.01,0.01
tsa22,2048,2152500,3124,0.1,0.01,0.01
tsa22,2049,2152500,3124,0.1,0.01,0.01
tsa22,2050,2152500,3124,0.1,0.01,0.01
tsa22,2051,2152500,3124,0.1,0.01,0.01
tsa22,2052,2152500,3124,0.1,0.01,0.01
tsa22,2053,2152500,3124,0.1,0.01,0.01
tsa22,2054,2152500,3124,0.1,0.01,0.01
tsa22,2055,2152015,3124,0.1,0.01,0.01
tsa22,2056,2152015,3124,0.1,0.01,0.01
tsa22,2057,2152015,3124,0.1,0.01,0.01
tsa22,2058,2152015,3124,0.1,0.01,0.01
tsa22,2059,2152015,3124,0.1,0.01,0.01
tsa22,2060,2152015,3124,0.1,0.01,0.01
tsa22,2061,2152015,3124,0.1,0.01,0.01
tsa22,2062,2152015,3124,0.1,0.01,0.01
tsa22,2063,2152015,3124,0.1,0.01,0.01
tsa22,2064,2152015,3124,0.1,0.01,0.01
tsa22,2065,2152015,3124,0.1,0.01,0.01
tsa22,2066,2152015,3124,0.1,0.01,0.01
tsa22,2067,2152015,3124,0.1,0.01,0.01
tsa22,2068,2152015,3124,0.1,0.01,0.01
tsa22,2069,2152015,3124,0.1,0.01,0.01
tsa22,2070,2152015,3124,0.1,0.01,0.01
tsa22,2071,2152015,3124,0.1,0.01,0.01
tsa22,2072,2152015,3124,0.1,0.01,0.01
tsa22,2073,2152015,3124,0.1,0.01,0.01
tsa22,2074,2152015,3124,0.1,0.01,0.01
tsa23,2015,414949,926,0.1,0.01,0.01
tsa23,2016,414949,926,0.1,0.01,0.01
tsa23,2017,414949,926,0.1,0.01,0.01
tsa23,2018,414949,926,0.1,0.01,0.01
tsa23,2019,414949,926,0.1,0.01,0.01
tsa23,2020,414949,926,0.1,0.01,0.01
tsa23,2021,414949,926,0.1,0.01,0.01
tsa23,2022,414949,926,0.1,0.01,0.01
tsa23,2023,414949,926,0.1,0.01,0.01
tsa23,2024,414949,926,0.1,0.01,0.01
tsa23,2025,374016,926,0.1,0.01,0.01
tsa23,2026,374016,926,0.1,0.01,0.01
tsa23,2027,374016,926,0.1,0.01,0.01
tsa23,2028,374016,926,0.1,0.01,0.01
tsa23,2029,374016,926,0.1,0.01,0.01
tsa23,2030,374016,926,0.1,0.01,0.01
tsa23,2031,374016,926,0.1,0.01,0.01
tsa23,2032,374016,926,0.1,0.01,0.01
tsa23,2033,374016,926,0.1,0.01,0.01
tsa23,2034,374016,926,0.1,0.01,0.01
tsa23,2035,355089,926,0.1,0.01,0.01
tsa23,2036,355089,926,0.1,0.01,0.01
tsa23,2037,355089,926,0.1,0.01,0.01
tsa23,2038,355089,926,0.1,0.01,0.01
tsa23,2039,355089,926,0.1,0.01,0.01
tsa23,2040,355089,926,0.1,0.01,0.01
tsa23,2041,355089,926,0.1,0.01,0.01
tsa23,2042,355089,926,0.1,0.01,0.01
tsa23,2043,355089,926,0.1,0.01,0.01
tsa23,2044,355089,926,0.1,0.01,0.01
tsa23,2045,353188,926,0.1,0.01,0.01
tsa23,2046,353188,926,0.1,0.01,0.01
tsa23,2047,353188,926,0.1,0.01,0.01
tsa23,2048,353188,926,0.1,0.01,0.01
tsa23,2049,353188,926,0.1,0.01,0.01
tsa23,2050,353188,926,0.1,0.01,0.01
tsa23,2051,353188,926,0.1,0.01,0.01
tsa23,2052,353188,926,0.1,0.01,0.01
tsa23,2053,353188,926,0.1,0.01,0.01
tsa23,2054,353188,926,0.1,0.01,0.01
tsa23,2055,353108,926,0.1,0.01,0.01
tsa23,2056,353108,926,0.1,0.01,0.01
tsa23,2057,353108,926,0.1,0.01,0.01
tsa23,2058,353108,926,0.1,0.01,0.01
tsa23,2059,353108,926,0.1,0.01,0.01
tsa23,2060,353108,926,0.1,0.01,0.01
tsa23,2061,353108,926,0.1,0.01,0.01
tsa23,2062,353108,926,0.1,0.01,0.01
tsa23,2063,353108,926,0.1,0.01,0.01
tsa23,2064,353108,926,0.1,0.01,0.01
tsa23,2065,353108,926,0.1,0.01,0.01
tsa23,2066,353108,926,0.1,0.01,0.01
tsa23,2067,353108,926,0.1,0.01,0.01
tsa23,2068,353108,926,0.1,0.01,0.01
tsa23,2069,353108,926,0.1,0.01,0.01
tsa23,2070,353108,926,0.1,0.01,0.01
tsa23,2071,353108,926,0.1,0.01,0.01
tsa23,2072,353108,926,0.1,0.01,0.01
tsa23,2073,353108,926,0.1,0.01,0.01
tsa23,2074,353108,926,0.1,0.01,0.01
tsa24,2015,6767907,5230,0.1,0.01,0.01
tsa24,2016,6767907,5230,0.1,0.01,0.01
tsa24,2017,6767907,5230,0.1,0.01,0.01
tsa24,2018,6767907,5230,0.1,0.01,0.01
tsa24,2019,6767907,5230,0.1,0.01,0.01
tsa24,2020,6767907,5230,0.1,0.01,0.01
tsa24,2021,6767907,5230,0.1,0.01,0.01
tsa24,2022,6767907,5230,0.1,0.01,0.01
tsa24,2023,6767907,5230,0.1,0.01,0.01
tsa24,2024,6767907,5230,0.1,0.01,0.01
tsa24,2025,6100281,5230,0.1,0.01,0.01
tsa24,2026,6100281,5230,0.1,0.01,0.01
tsa24,2027,6100281,5230,0.1,0.01,0.01
tsa24,2028,6100281,5230,0.1,0.01,0.01
tsa24,2029,6100281,5230,0.1,0.01,0.01
tsa24,2030,6100281,5230,0.1,0.01,0.01
tsa24,2031,6100281,5230,0.1,0.01,0.01
tsa24,2032,6100281,5230,0.1,0.01,0.01
tsa24,2033,6100281,5230,0.1,0.01,0.01
tsa24,2034,6100281,5230,0.1,0.01,0.01
tsa24,2035,5791578,5230,0.1,0.01,0.01
tsa24,2036,5791578,5230,0.1,0.01,0.01
tsa24,2037,5791578,5230,0.1,0.01,0.01
tsa24,2038,5791578,5230,0.1,0.01,0.01
tsa24,2039,5791578,5230,0.1,0.01,0.01
tsa24,2040,5791578,5230,0.1,0.01,0.01
tsa24,2041,5791578,5230,0.1,0.01,0.01
tsa24,2042,5791578,5230,0.1,0.01,0.01
tsa24,2043,5791578,5230,0.1,0.01,0.01
tsa24,2044,5791578,5230,0.1,0.01,0.01
tsa24,2045,5760567,5230,0.1,0.01,0.01
tsa24,2046,5760567,5230,0.1,0.01,0.01
tsa24,2047,5760567,5230,0.1,0.01,0.01
tsa24,2048,5760567,5230,0.1,0.01,0.01
tsa24,2049,5760567,5230,0.1,0.01,0.01
tsa24,2050,5760567,5230,0.1,0.01,0.01
tsa24,2051,5760567,5230,0.1,0.01,0.01
tsa24,2052,5760567,5230,0.1,0.01,0.01
tsa24,2053,5760567,5230,0.1,0.01,0.01
tsa24,2054,5760567,5230,0.1,0.01,0.01
tsa24,2055,5759271,5230,0.1,0.01,0.01
tsa24,2056,5759271,5230,0.1,0.01,0.01
tsa24,2057,5759271,5230,0.1,0.01,0.01
tsa24,2058,5759271,5230,0.1,0.01,0.01
tsa24,2059,5759271,5230,0.1,0.01,0.01
tsa24,2060,5759271,5230,0.1,0.01,0.01
tsa24,2061,5759271,5230,0.1,0.01,0.01
tsa24,2062,5759271,5230,0.1,0.01,0.01
tsa24,2063,5759271,5230,0.1,0.01,0.01
tsa24,2064,5759271,5230,0.1,0.01,0.01
tsa24,2065,5759271,5230,0.1,0.01,0.01
tsa24,2066,5759271,5230,0.1,0.01,0.01
tsa24,2067,5759271,5230,0.1,0.01,0.01
tsa24,2068,5759271,5230,0.1,0.01,0.01
tsa24,2069,5759271,5230,0.1,0.01,0.01
tsa24,2070,5759271,5230,0.1,0.01,0.01
tsa24,2071,5759271,5230,0.1,0.01,0.01
tsa24,2072,5759271,5230,0.1,0.01,0.01
tsa24,2073,5759271,5230,0.1,0.01,0.01
tsa24,2074,5759271,5230,0.1,0.01,0.01
tsa25,2015,665873,3,0.1,0.01,0.01
tsa25,2016,665873,3,0.1,0.01,0.01
tsa25,2017,665873,3,0.1,0.01,0.01
tsa25,2018,665873,3,0.1,0.01,0.01
tsa25,2019,665873,3,0.1,0.01,0.01
tsa25,2020,665873,3,0.1,0.01,0.01
tsa25,2021,665873,3,0.1,0.01,0.01
tsa25,2022,665873,3,0.1,0.01,0.01
tsa25,2023,665873,3,0.1,0.01,0.01
tsa25,2024,665873,3,0.1,0.01,0.01
tsa25,2025,600187,3,0.1,0.01,0.01
tsa25,2026,600187,3,0.1,0.01,0.01
tsa25,2027,600187,3,0.1,0.01,0.01
tsa25,2028,600187,3,0.1,0.01,0.01
tsa25,2029,600187,3,0.1,0.01,0.01
tsa25,2030,600187,3,0.1,0.01,0.01
tsa25,2031,600187,3,0.1,0.01,0.01
tsa25,2032,600187,3,0.1,0.01,0.01
tsa25,2033,600187,3,0.1,0.01,0.01
tsa25,2034,600187,3,0.1,0.01,0.01
tsa25,2035,569815,3,0.1,0.01,0.01
tsa25,2036,569815,3,0.1,0.01,0.01
tsa25,2037,569815,3,0.1,0.01,0.01
tsa25,2038,569815,3,0.1,0.01,0.01
tsa25,2039,569815,3,0.1,0.01,0.01
tsa25,2040,569815,3,0.1,0.01,0.01
tsa25,2041,569815,3,0.1,0.01,0.01
tsa25,2042,569815,3,0.1,0.01,0.01
tsa25,2043,569815,3,0.1,0.01,0.01
tsa25,2044,569815,3,0.1,0.01,0.01
tsa25,2045,566764,3,0.1,0.01,0.01
tsa25,2046,566764,3,0.1,0.01,0.01
tsa25,2047,566764,3,0.1,0.01,0.01
tsa25,2048,566764,3,0.1,0.01,0.01
tsa25,2049,566764,3,0.1,0.01,0.01
tsa25,2050,566764,3,0.1,0.01,0.01
tsa25,2051,566764,3,0.1,0.01,0.01
tsa25,2052,566764,3,0.1,0.01,0.01
tsa25,2053,566764,3,0.1,0.01,0.01
tsa25,2054,566764,3,0.1,0.01,0.01
tsa25,2055,566636,3,0.1,0.01,0.01
tsa25,2056,566636,3,0.1,0.01,0.01
tsa25,2057,566636,3,0.1,0.01,0.01
tsa25,2058,566636,3,0.1,0.01,0.01
tsa25,2059,566636,3,0.1,0.01,0.01
tsa25,2060,566636,3,0.1,0.01,0.01
tsa25,2061,566636,3,0.1,0.01,0.01
tsa25,2062,566636,3,0.1,0.01,0.01
tsa25,2063,566636,3,0.1,0.01,0.01
tsa25,2064,566636,3,0.1,0.01,0.01
tsa25,2065,566636,3,0.1,0.01,0.01
tsa25,2066,566636,3,0.1,0.01,0.01
tsa25,2067,566636,3,0.1,0.01,0.01
tsa25,2068,566636,3,0.1,0.01,0.01
tsa25,2069,566636,3,0.1,0.01,0.01
tsa25,2070,566636,3,0.1,0.01,0.01
tsa25,2071,566636,3,0.1,0.01,0.01
tsa25,2072,566636,3,0.1,0.01,0.01
tsa25,2073,566636,3,0.1,0.01,0.01
tsa25,2074,566636,3,0.1,0.01,0.01
tsa26,2015,1012985,3974,0.1,0.01,0.01
tsa26,2016,1012985,3974,0.1,0.01,0.01
tsa26,2017,1012985,3974,0.1,0.01,0.01
tsa26,2018,1012985,3974,0.1,0.01,0.01
tsa26,2019,1012985,3974,0.1,0.01,0.01
tsa26,2020,1012985,3974,0.1,0.01,0.01
tsa26,2021,1012985,3974,0.1,0.01,0.01
tsa26,2022,1012985,3974,0.1,0.01,0.01
tsa26,2023,1012985,3974,0.1,0.01,0.01
tsa26,2024,1012985,3974,0.1,0.01,0.01
tsa26,2025,913058,3974,0.1,0.01,0.01
tsa26,2026,913058,3974,0.1,0.01,0.01
tsa26,2027,913058,3974,0.1,0.01,0.01
tsa26,2028,913058,3974,0.1,0.01,0.01
tsa26,2029,913058,3974,0.1,0.01,0.01
tsa26,2030,913058,3974,0.1,0.01,0.01
tsa26,2031,913058,3974,0.1,0.01,0.01
tsa26,2032,913058,3974,0.1,0.01,0.01
tsa26,2033,913058,3974,0.1,0.01,0.01
tsa26,2034,913058,3974,0.1,0.01,0.01
tsa26,2035,866853,3974,0.1,0.01,0.01
tsa26,2036,866853,3974,0.1,0.01,0.01
tsa26,2037,866853,3974,0.1,0.01,0.01
tsa26,2038,866853,3974,0.1,0.01,0.01
tsa26,2039,866853,3974,0.1,0.01,0.01
tsa26,2040,866853,3974,0.1,0.01,0.01
tsa26,2041,866853,3974,0.1,0.01,0.01
tsa26,2042,866853,3974,0.1,0.01,0.01
tsa26,2043,866853,3974,0.1,0.01,0.01
tsa26,2044,866853,3974,0.1,0.01,0.01
tsa26,2045,862211,3974,0.1,0.01,0.01
tsa26,2046,862211,3974,0.1,0.01,0.01
tsa26,2047,862211,3974,0.1,0.01,0.01
tsa26,2048,862211,3974,0.1,0.01,0.01
tsa26,2049,862211,3974,0.1,0.01,0.01
tsa26,2050,862211,3974,0.1,0.01,0.01
tsa26,2051,862211,3974,0.1,0.01,0.01
tsa26,2052,862211,3974,0.1,0.01,0.01
tsa26,2053,862211,3974,0.1,0.01,0.01
tsa26,2054,862211,3974,0.1,0.01,0.01
tsa26,2055,862017,3974,0.1,0.01,0.01
tsa26,2056,862017,3974,0.1,0.01,0.01
tsa26,2057,862017,3974,0.1,0.01,0.01
tsa26,2058,862017,3974,0.1,0.01,0.01
tsa26,2059,862017,3974,0.1,0.01,0.01
tsa26,2060,862017,3974,0.1,0.01,0.01
tsa26,2061,862017,3974,0.1,0.01,0.01
tsa26,2062,862017,3974,0.1,0.01,0.01
tsa26,2063,862017,3974,0.1,0.01,0.01
tsa26,2064,862017,3974,0.1,0.01,0.01
tsa26,2065,862017,3974,0.1,0.01,0.01
tsa26,2066,862017,3974,0.1,0.01,0.01
tsa26,2067,862017,3974,0.1,0.01,0.01
tsa26,2068,862017,3974,0.1,0.01,0.01
tsa26,2069,862017,3974,0.1,0.01,0.01
tsa26,2070,862017,3974,0.1,0.01,0.01
tsa26,2071,862017,3974,0.1,0.01,0.01
tsa26,2072,862017,3974,0.1,0.01,0.01
tsa26,2073,862017,3974,0.1,0.01,0.01
tsa26,2074,862017,3974,0.1,0.01,0.01
tsa27,2015,279853,421,0.1,0.01,0.01
tsa27,2016,279853,421,0.1,0.01,0.01
tsa27,2017,279853,421,0.1,0.01,0.01
tsa27,2018,279853,421,0.1,0.01,0.01
tsa27,2019,279853,421,0.1,0.01,0.01
tsa27,2020,279853,421,0.1,0.01,0.01
tsa27,2021,279853,421,0.1,0.01,0.01
tsa27,2022,279853,421,0.1,0.01,0.01
tsa27,2023,279853,421,0.1,0.01,0.01
tsa27,2024,279853,421,0.1,0.01,0.01
tsa27,2025,252247,421,0.1,0.01,0.01
tsa27,2026,252247,421,0.1,0.01,0.01
tsa27,2027,252247,421,0.1,0.01,0.01
tsa27,2028,252247,421,0.1,0.01,0.01
tsa27,2029,252247,421,0.1,0.01,0.01
tsa27,2030,252247,421,0.1,0.01,0.01
tsa27,2031,252247,421,0.1,0.01,0.01
tsa27,2032,252247,421,0.1,0.01,0.01
tsa27,2033,252247,421,0.1,0.01,0.01
tsa27,2034,252247,421,0.1,0.01,0.01
tsa27,2035,239482,421,0.1,0.01,0.01
tsa27,2036,239482,421,0.1,0.01,0.01
tsa27,2037,239482,421,0.1,0.01,0.01
tsa27,2038,239482,421,0.1,0.01,0.01
tsa27,2039,239482,421,0.1,0.01,0.01
tsa27,2040,239482,421,0.1,0.01,0.01
tsa27,2041,239482,421,0.1,0.01,0.01
tsa27,2042,239482,421,0.1,0.01,0.01
tsa27,2043,239482,421,0.1,0.01,0.01
tsa27,2044,239482,421,0.1,0.01,0.01
tsa27,2045,238200,421,0.1,0.01,0.01
tsa27,2046,238200,421,0.1,0.01,0.01
tsa27,2047,238200,421,0.1,0.01,0.01
tsa27,2048,238200,421,0.1,0.01,0.01
tsa27,2049,238200,421,0.1,0.01,0.01
tsa27,2050,238200,421,0.1,0.01,0.01
tsa27,2051,238200,421,0.1,0.01,0.01
tsa27,2052,238200,421,0.1,0.01,0.01
tsa27,2053,238200,421,0.1,0.01,0.01
tsa27,2054,238200,421,0.1,0.01,0.01
tsa27,2055,238146,421,0.1,0.01,0.01
tsa27,2056,238146,421,0.1,0.01,0.01
tsa27,2057,238146,421,0.1,0.01,0.01
tsa27,2058,238146,421,0.1,0.01,0.01
tsa27,2059,238146,421,0.1,0.01,0.01
tsa27,2060,238146,421,0.1,0.01,0.01
tsa27,2061,238146,421,0.1,0.01,0.01
tsa27,2062,238146,421,0.1,0.01,0.01
tsa27,2063,238146,421,0.1,0.01,0.01
tsa27,2064,238146,421,0.1,0.01,0.01
tsa27,2065,238146,421,0.1,0.01,0.01
tsa27,2066,238146,421,0.1,0.01,0.01
tsa27,2067,238146,421,0.1,0.01,0.01
tsa27,2068,238146,421,0.1,0.01,0.01
tsa27,2069,238146,421,0.1,0.01,0.01
tsa27,2070,238146,421,0.1,0.01,0.01
tsa27,2071,238146,421,0.1,0.01,0.01
tsa27,2072,238146,421,0.1,0.01,0.01
tsa27,2073,238146,421,0.1,0.01,0.01
tsa27,2074,238146,421,0.1,0.01,0.01
tsa29,2015,844986,9451,0.1,0.01,0.01
tsa29,2016,844986,9451,0.1,0.01,0.01
tsa29,2017,844986,9451,0.1,0.01,0.01
tsa29,2018,844986,9451,0.1,0.01,0.01
tsa29,2019,844986,9451,0.1,0.01,0.01
tsa29,2020,844986,9451,0.1,0.01,0.01
tsa29,2021,844986,9451,0.1,0.01,0.01
tsa29,2022,844986,9451,0.1,0.01,0.01
tsa29,2023,844986,9451,0.1,0.01,0.01
tsa29,2024,844986,9451,0.1,0.01,0.01
tsa29,2025,761631,9451,0.1,0.01,0.01
tsa29,2026,761631,9451,0.1,0.01,0.01
tsa29,2027,761631,9451,0.1,0.01,0.01
tsa29,2028,761631,9451,0.1,0.01,0.01
tsa29,2029,761631,9451,0.1,0.01,0.01
tsa29,2030,761631,9451,0.1,0.01,0.01
tsa29,2031,761631,9451,0.1,0.01,0.01
tsa29,2032,761631,9451,0.1,0.01,0.01
tsa29,2033,761631,9451,0.1,0.01,0.01
tsa29,2034,761631,9451,0.1,0.01,0.01
tsa29,2035,723089,9451,0.1,0.01,0.01
tsa29,2036,723089,9451,0.1,0.01,0.01
tsa29,2037,723089,9451,0.1,0.01,0.01
tsa29,2038,723089,9451,0.1,0.01,0.01
tsa29,2039,723089,9451,0.1,0.01,0.01
tsa29,2040,723089,9451,0.1,0.01,0.01
tsa29,2041,723089,9451,0.1,0.01,0.01
tsa29,2042,723089,9451,0.1,0.01,0.01
tsa29,2043,723089,9451,0.1,0.01,0.01
tsa29,2044,723089,9451,0.1,0.01,0.01
tsa29,2045,719218,9451,0.1,0.01,0.01
tsa29,2046,719218,9451,0.1,0.01,0.01
tsa29,2047,719218,9451,0.1,0.01,0.01
tsa29,2048,719218,9451,0.1,0.01,0.01
tsa29,2049,719218,9451,0.1,0.01,0.01
tsa29,2050,719218,9451,0.1,0.01,0.01
tsa29,2051,719218,9451,0.1,0.01,0.01
tsa29,2052,719218,9451,0.1,0.01,0.01
tsa29,2053,719218,9451,0.1,0.01,0.01
tsa29,2054,719218,9451,0.1,0.01,0.01
tsa29,2055,719056,9451,0.1,0.01,0.01
tsa29,2056,719056,9451,0.1,0.01,0.01
tsa29,2057,719056,9451,0.1,0.01,0.01
tsa29,2058,719056,9451,0.1,0.01,0.01
tsa29,2059,719056,9451,0.1,0.01,0.01
tsa29,2060,719056,9451,0.1,0.01,0.01
tsa29,2061,719056,9451,0.1,0.01,0.01
tsa29,2062,719056,9451,0.1,0.01,0.01
tsa29,2063,719056,9451,0.1,0.01,0.01
tsa29,2064,719056,9451,0.1,0.01,0.01
tsa29,2065,719056,9451,0.1,0.01,0.01
tsa29,2066,719056,9451,0.1,0.01,0.01
tsa29,2067,719056,9451,0.1,0.01,0.01
tsa29,2068,719056,9451,0.1,0.01,0.01
tsa29,2069,719056,9451,0.1,0.01,0.01
tsa29,2070,719056,9451,0.1,0.01,0.01
tsa29,2071,719056,9451,0.1,0.01,0.01
tsa29,2072,719056,9451,0.1,0.01,0.01
tsa29,2073,719056,9451,0.1,0.01,0.01
tsa29,2074,719056,9451,0.1,0.01,0.01
tsa30,2015,896806,229,0.1,0.01,0.01
tsa30,2016,896806,229,0.1,0.01,0.01
tsa30,2017,896806,229,0.1,0.01,0.01
tsa30,2018,896806,229,0.1,0.01,0.01
tsa30,2019,896806,229,0.1,0.01,0.01
tsa30,2020,896806,229,0.1,0.01,0.01
tsa30,2021,896806,229,0.1,0.01,0.01
tsa30,2022,896806,229,0.1,0.01,0.01
tsa30,2023,896806,229,0.1,0.01,0.01
tsa30,2024,896806,229,0.1,0.01,0.01
tsa30,2025,808340,229,0.1,0.01,0.01
tsa30,2026,808340,229,0.1,0.01,0.01
tsa30,2027,808340,229,0.1,0.01,0.01
tsa30,2028,808340,229,0.1,0.01,0.01
tsa30,2029,808340,229,0.1,0.01,0.01
tsa30,2030,808340,229,0.1,0.01,0.01
tsa30,2031,808340,229,0.1,0.01,0.01
tsa30,2032,808340,229,0.1,0.01,0.01
tsa30,2033,808340,229,0.1,0.01,0.01
tsa30,2034,808340,229,0.1,0.01,0.01
tsa30,2035,767434,229,0.1,0.01,0.01
tsa30,2036,767434,229,0.1,0.01,0.01
tsa30,2037,767434,229,0.1,0.01,0.01
tsa30,2038,767434,229,0.1,0.01,0.01
tsa30,2039,767434,229,0.1,0.01,0.01
tsa30,2040,767434,229,0.1,0.01,0.01
tsa30,2041,767434,229,0.1,0.01,0.01
tsa30,2042,767434,229,0.1,0.01,0.01
tsa30,2043,767434,229,0.1,0.01,0.01
tsa30,2044,767434,229,0.1,0.01,0.01
tsa30,2045,763325,229,0.1,0.01,0.01
tsa30,2046,763325,229,0.1,0.01,0.01
tsa30,2047,763325,229,0.1,0.01,0.01
tsa30,2048,763325,229,0.1,0.01,0.01
tsa30,2049,763325,229,0.1,0.01,0.01
tsa30,2050,763325,229,0.1,0.01,0.01
tsa30,2051,763325,229,0.1,0.01,0.01
tsa30,2052,763325,229,0.1,0.01,0.01
tsa30,2053,763325,229,0.1,0.01,0.01
tsa30,2054,763325,229,0.1,0.01,0.01
tsa30,2055,763153,229,0.1,0.01,0.01
tsa30,2056,763153,229,0.1,0.01,0.01
tsa30,2057,763153,229,0.1,0.01,0.01
tsa30,2058,763153,229,0.1,0.01,0.01
tsa30,2059,763153,229,0.1,0.01,0.01
tsa30,2060,763153,229,0.1,0.01,0.01
tsa30,2061,763153,229,0.1,0.01,0.01
tsa30,2062,763153,229,0.1,0.01,0.01
tsa30,2063,763153,229,0.1,0.01,0.01
tsa30,2064,763153,229,0.1,0.01,0.01
tsa30,2065,763153,229,0.1,0.01,0.01
tsa30,2066,763153,229,0.1,0.01,0.01
tsa30,2067,763153,229,0.1,0.01,0.01
tsa30,2068,763153,229,0.1,0.01,0.01
tsa30,2069,763153,229,0.1,0.01,0.01
tsa30,2070,763153,229,0.1,0.01,0.01
tsa30,2071,763153,229,0.1,0.01,0.01
tsa30,2072,763153,229,0.1,0.01,0.01
tsa30,2073,763153,229,0.1,0.01,0.01
tsa30,2074,763153,229,0.1,0.01,0.01
tsa31,2015,378163,280,0.1,0.01,0.01
tsa31,2016,378163,280,0.1,0.01,0.01
tsa31,2017,378163,280,0.1,0.01,0.01
tsa31,2018,378163,280,0.1,0.01,0.01
tsa31,2019,378163,280,0.1,0.01,0.01
tsa31,2020,378163,280,0.1,0.01,0.01
tsa31,2021,378163,280,0.1,0.01,0.01
tsa31,2022,378163,280,0.1,0.01,0.01
tsa31,2023,378163,280,0.1,0.01,0.01
tsa31,2024,378163,280,0.1,0.01,0.01
tsa31,2025,340859,280,0.1,0.01,0.01
tsa31,2026,340859,280,0.1,0.01,0.01
tsa31,2027,340859,280,0.1,0.01,0.01
tsa31,2028,340859,280,0.1,0.01,0.01
tsa31,2029,340859,280,0.1,0.01,0.01
tsa31,2030,340859,280,0.1,0.01,0.01
tsa31,2031,340859,280,0.1,0.01,0.01
tsa31,2032,340859,280,0.1,0.01,0.01
tsa31,2033,340859,280,0.1,0.01,0.01
tsa31,2034,340859,280,0.1,0.01,0.01
tsa31,2035,323610,280,0.1,0.01,0.01
tsa31,2036,323610,280,0.1,0.01,0.01
tsa31,2037,323610,280,0.1,0.01,0.01
tsa31,2038,323610,280,0.1,0.01,0.01
tsa31,2039,323610,280,0.1,0.01,0.01
tsa31,2040,323610,280,0.1,0.01,0.01
tsa31,2041,323610,280,0.1,0.01,0.01
tsa31,2042,323610,280,0.1,0.01,0.01
tsa31,2043,323610,280,0.1,0.01,0.01
tsa31,2044,323610,280,0.1,0.01,0.01
tsa31,2045,321877,280,0.1,0.01,0.01
tsa31,2046,321877,280,0.1,0.01,0.01
tsa31,2047,321877,280,0.1,0.01,0.01
tsa31,2048,321877,280,0.1,0.01,0.01
tsa31,2049,321877,280,0.1,0.01,0.01
tsa31,2050,321877,280,0.1,0.01,0.01
tsa31,2051,321877,280,0.1,0.01,0.01
tsa31,2052,321877,280,0.1,0.01,0.01
tsa31,2053,321877,280,0.1,0.01,0.01
tsa31,2054,321877,280,0.1,0.01,0.01
tsa31,2055,321804,280,0.1,0.01,0.01
tsa31,2056,321804,280,0.1,0.01,0.01
tsa31,2057,321804,280,0.1,0.01,0.01
tsa31,2058,321804,280,0.1,0.01,0.01
tsa31,2059,321804,280,0.1,0.01,0.01
tsa31,2060,321804,280,0.1,0.01,0.01
tsa31,2061,321804,280,0.1,0.01,0.01
tsa31,2062,321804,280,0.1,0.01,0.01
tsa31,2063,321804,280,0.1,0.01,0.01
tsa31,2064,321804,280,0.1,0.01,0.01
tsa31,2065,321804,280,0.1,0.01,0.01
tsa31,2066,321804,280,0.1,0.01,0.01
tsa31,2067,321804,280,0.1,0.01,0.01
tsa31,2068,321804,280,0.1,0.01,0.01
tsa31,2069,321804,280,0.1,0.01,0.01
tsa31,2070,321804,280,0.1,0.01,0.01
tsa31,2071,321804,280,0.1,0.01,0.01
tsa31,2072,321804,280,0.1,0.01,0.01
tsa31,2073,321804,280,0.1,0.01,0.01
tsa31,2074,321804,280,0.1,0.01,0.01
tsa33,2015,1543531,224,0.1,0.01,0.01
tsa33,2016,1543531,224,0.1,0.01,0.01
tsa33,2017,1543531,224,0.1,0.01,0.01
tsa33,2018,1543531,224,0.1,0.01,0.01
tsa33,2019,1543531,224,0.1,0.01,0.01
tsa33,2020,1543531,224,0.1,0.01,0.01
tsa33,2021,1543531,224,0.1,0.01,0.01
tsa33,2022,1543531,224,0.1,0.01,0.01
tsa33,2023,1543531,224,0.1,0.01,0.01
tsa33,2024,1543531,224,0.1,0.01,0.01
tsa33,2025,1391268,224,0.1,0.01,0.01
tsa33,2026,1391268,224,0.1,0.01,0.01
tsa33,2027,1391268,224,0.1,0.01,0.01
tsa33,2028,1391268,224,0.1,0.01,0.01
tsa33,2029,1391268,224,0.1,0.01,0.01
tsa33,2030,1391268,224,0.1,0.01,0.01
tsa33,2031,1391268,224,0.1,0.01,0.01
tsa33,2032,1391268,224,0.1,0.01,0.01
tsa33,2033,1391268,224,0.1,0.01,0.01
tsa33,2034,1391268,224,0.1,0.01,0.01
tsa33,2035,1320863,224,0.1,0.01,0.01
tsa33,2036,1320863,224,0.1,0.01,0.01
tsa33,2037,1320863,224,0.1,0.01,0.01
tsa33,2038,1320863,224,0.1,0.01,0.01
tsa33,2039,1320863,224,0.1,0.01,0.01
tsa33,2040,1320863,224,0.1,0.01,0.01
tsa33,2041,1320863,224,0.1,0.01,0.01
tsa33,2042,1320863,224,0.1,0.01,0.01
tsa33,2043,1320863,224,0.1,0.01,0.01
tsa33,2044,1320863,224,0.1,0.01,0.01
tsa33,2045,1313791,224,0.1,0.01,0.01
tsa33,2046,1313791,224,0.1,0.01,0.01
tsa33,2047,1313791,224,0.1,0.01,0.01
tsa33,2048,1313791,224,0.1,0.01,0.01
tsa33,2049,1313791,224,0.1,0.01,0.01
tsa33,2050,1313791,224,0.1,0.01,0.01
tsa33,2051,1313791,224,0.1,0.01,0.01
tsa33,2052,1313791,224,0.1,0.01,0.01
tsa33,2053,1313791,224,0.1,0.01,0.01
tsa33,2054,1313791,224,0.1,0.01,0.01
tsa33,2055,1313495,224,0.1,0.01,0.01
tsa33,2056,1313495,224,0.1,0.01,0.01
tsa33,2057,1313495,224,0.1,0.01,0.01
tsa33,2058,1313495,224,0.1,0.01,0.01
tsa33,2059,1313495,224,0.1,0.01,0.01
tsa33,2060,1313495,224,0.1,0.01,0.01
tsa33,2061,1313495,224,0.1,0.01,0.01
tsa33,2062,1313495,224,0.1,0.01,0.01
tsa33,2063,1313495,224,0.1,0.01,0.01
tsa33,2064,1313495,224,0.1,0.01,0.01
tsa33,2065,1313495,224,0.1,0.01,0.01
tsa33,2066,1313495,224,0.1,0.01,0.01
tsa33,2067,1313495,224,0.1,0.01,0.01
tsa33,2068,1313495,224,0.1,0.01,0.01
tsa33,2069,1313495,224,0.1,0.01,0.01
tsa33,2070,1313495,224,0.1,0.01,0.01
tsa33,2071,1313495,224,0.1,0.01,0.01
tsa33,2072,1313495,224,0.1,0.01,0.01
tsa33,2073,1313495,224,0.1,0.01,0.01
tsa33,2074,1313495,224,0.1,0.01,0.01
tsa37,2015,1009888,77,0.1,0.01,0.01
tsa37,2016,1009888,77,0.1,0.01,0.01
tsa37,2017,1009888,77,0.1,0.01,0.01
tsa37,2018,1009888,77,0.1,0.01,0.01
tsa37,2019,1009888,77,0.1,0.01,0.01
tsa37,2020,1009888,77,0.1,0.01,0.01
tsa37,2021,1009888,77,0.1,0.01,0.01
tsa37,2022,1009888,77,0.1,0.01,0.01
tsa37,2023,1009888,77,0.1,0.01,0.01
tsa37,2024,1009888,77,0.1,0.01,0.01
tsa37,2025,910266,77,0.1,0.01,0.01
tsa37,2026,910266,77,0.1,0.01,0.01
tsa37,2027,910266,77,0.1,0.01,0.01
tsa37,2028,910266,77,0.1,0.01,0.01
tsa37,2029,910266,77,0.1,0.01,0.01
tsa37,2030,910266,77,0.1,0.01,0.01
tsa37,2031,910266,77,0.1,0.01,0.01
tsa37,2032,910266,77,0.1,0.01,0.01
tsa37,2033,910266,77,0.1,0.01,0.01
tsa37,2034,910266,77,0.1,0.01,0.01
tsa37,2035,864203,77,0.1,0.01,0.01
tsa37,2036,864203,77,0.1,0.01,0.01
tsa37,2037,864203,77,0.1,0.01,0.01
tsa37,2038,864203,77,0.1,0.01,0.01
tsa37,2039,864203,77,0.1,0.01,0.01
tsa37,2040,864203,77,0.1,0.01,0.01
tsa37,2041,864203,77,0.1,0.01,0.01
tsa37,2042,864203,77,0.1,0.01,0.01
tsa37,2043,864203,77,0.1,0.01,0.01
tsa37,2044,864203,77,0.1,0.01,0.01
tsa37,2045,859575,77,0.1,0.01,0.01
tsa37,2046,859575,77,0.1,0.01,0.01
tsa37,2047,859575,77,0.1,0.01,0.01
tsa37,2048,859575,77,0.1,0.01,0.01
tsa37,2049,859575,77,0.1,0.01,0.01
tsa37,2050,859575,77,0.1,0.01,0.01
tsa37,2051,859575,77,0.1,0.01,0.01
tsa37,2052,859575,77,0.1,0.01,0.01
tsa37,2053,859575,77,0.1,0.01,0.01
tsa37,2054,859575,77,0.1,0.01,0.01
tsa37,2055,859382,77,0.1,0.01,0.01
tsa37,2056,859382,77,0.1,0.01,0.01
tsa37,2057,859382,77,0.1,0.01,0.01
tsa37,2058,859382,77,0.1,0.01,0.01
tsa37,2059,859382,77,0.1,0.01,0.01
tsa37,2060,859382,77,0.1,0.01,0.01
tsa37,2061,859382,77,0.1,0.01,0.01
tsa37,2062,859382,77,0.1,0.01,0.01
tsa37,2063,859382,77,0.1,0.01,0.01
tsa37,2064,859382,77,0.1,0.01,0.01
tsa37,2065,859382,77,0.1,0.01,0.01
tsa37,2066,859382,77,0.1,0.01,0.01
tsa37,2067,859382,77,0.1,0.01,0.01
tsa37,2068,859382,77,0.1,0.01,0.01
tsa37,2069,859382,77,0.1,0.01,0.01
tsa37,2070,859382,77,0.1,0.01,0.01
tsa37,2071,859382,77,0.1,0.01,0.01
tsa37,2072,859382,77,0.1,0.01,0.01
tsa37,2073,859382,77,0.1,0.01,0.01
tsa37,2074,859382,77,0.1,0.01,0.01
tsa38,2015,703163,14,0.1,0.01,0.01
tsa38,2016,703163,14,0.1,0.01,0.01
tsa38,2017,703163,14,0.1,0.01,0.01
tsa38,2018,703163,14,0.1,0.01,0.01
tsa38,2019,703163,14,0.1,0.01,0.01
tsa38,2020,703163,14,0.1,0.01,0.01
tsa38,2021,703163,14,0.1,0.01,0.01
tsa38,2022,703163,14,0.1,0.01,0.01
tsa38,2023,703163,14,0.1,0.01,0.01
tsa38,2024,703163,14,0.1,0.01,0.01
tsa38,2025,633799,14,0.1,0.01,0.01
tsa38,2026,633799,14,0.1,0.01,0.01
tsa38,2027,633799,14,0.1,0.01,0.01
tsa38,2028,633799,14,0.1,0.01,0.01
tsa38,2029,633799,14,0.1,0.01,0.01
tsa38,2030,633799,14,0.1,0.01,0.01
tsa38,2031,633799,14,0.1,0.01,0.01
tsa38,2032,633799,14,0.1,0.01,0.01
tsa38,2033,633799,14,0.1,0.01,0.01
tsa38,2034,633799,14,0.1,0.01,0.01
tsa38,2035,601725,14,0.1,0.01,0.01
tsa38,2036,601725,14,0.1,0.01,0.01
tsa38,2037,601725,14,0.1,0.01,0.01
tsa38,2038,601725,14,0.1,0.01,0.01
tsa38,2039,601725,14,0.1,0.01,0.01
tsa38,2040,601725,14,0.1,0.01,0.01
tsa38,2041,601725,14,0.1,0.01,0.01
tsa38,2042,601725,14,0.1,0.01,0.01
tsa38,2043,601725,14,0.1,0.01,0.01
tsa38,2044,601725,14,0.1,0.01,0.01
tsa38,2045,598503,14,0.1,0.01,0.01
tsa38,2046,598503,14,0.1,0.01,0.01
tsa38,2047,598503,14,0.1,0.01,0.01
tsa38,2048,598503,14,0.1,0.01,0.01
tsa38,2049,598503,14,0.1,0.01,0.01
tsa38,2050,598503,14,0.1,0.01,0.01
tsa38,2051,598503,14,0.1,0.01,0.01
tsa38,2052,598503,14,0.1,0.01,0.01
tsa38,2053,598503,14,0.1,0.01,0.01
tsa38,2054,598503,14,0.1,0.01,0.01
tsa38,2055,598369,14,0.1,0.01,0.01
tsa38,2056,598369,14,0.1,0.01,0.01
tsa38,2057,598369,14,0.1,0.01,0.01
tsa38,2058,598369,14,0.1,0.01,0.01
tsa38,2059,598369,14,0.1,0.01,0.01
tsa38,2060,598369,14,0.1,0.01,0.01
tsa38,2061,598369,14,0.1,0.01,0.01
tsa38,2062,598369,14,0.1,0.01,0.01
tsa38,2063,598369,14,0.1,0.01,0.01
tsa38,2064,598369,14,0.1,0.01,0.01
tsa38,2065,598369,14,0.1,0.01,0.01
tsa38,2066,598369,14,0.1,0.01,0.01
tsa38,2067,598369,14,0.1,0.01,0.01
tsa38,2068,598369,14,0.1,0.01,0.01
tsa38,2069,598369,14,0.1,0.01,0.01
tsa38,2070,598369,14,0.1,0.01,0.01
tsa38,2071,598369,14,0.1,0.01,0.01
tsa38,2072,598369,14,0.1,0.01,0.01
tsa38,2073,598369,14,0.1,0.01,0.01
tsa38,2074,598369,14,0.1,0.01,0.01
tsa39,2015,864429,116,0.1,0.01,0.01
tsa39,2016,864429,116,0.1,0.01,0.01
tsa39,2017,864429,116,0.1,0.01,0.01
tsa39,2018,864429,116,0.1,0.01,0.01
tsa39,2019,864429,116,0.1,0.01,0.01
tsa39,2020,864429,116,0.1,0.01,0.01
tsa39,2021,864429,116,0.1,0.01,0.01
tsa39,2022,864429,116,0.1,0.01,0.01
tsa39,2023,864429,116,0.1,0.01,0.01
tsa39,2024,864429,116,0.1,0.01,0.01
tsa39,2025,779157,116,0.1,0.01,0.01
tsa39,2026,779157,116,0.1,0.01,0.01
tsa39,2027,779157,116,0.1,0.01,0.01
tsa39,2028,779157,116,0.1,0.01,0.01
tsa39,2029,779157,116,0.1,0.01,0.01
tsa39,2030,779157,116,0.1,0.01,0.01
tsa39,2031,779157,116,0.1,0.01,0.01
tsa39,2032,779157,116,0.1,0.01,0.01
tsa39,2033,779157,116,0.1,0.01,0.01
tsa39,2034,779157,116,0.1,0.01,0.01
tsa39,2035,739728,116,0.1,0.01,0.01
tsa39,2036,739728,116,0.1,0.01,0.01
tsa39,2037,739728,116,0.1,0.01,0.01
tsa39,2038,739728,116,0.1,0.01,0.01
tsa39,2039,739728,116,0.1,0.01,0.01
tsa39,2040,739728,116,0.1,0.01,0.01
tsa39,2041,739728,116,0.1,0.01,0.01
tsa39,2042,739728,116,0.1,0.01,0.01
tsa39,2043,739728,116,0.1,0.01,0.01
tsa39,2044,739728,116,0.1,0.01,0.01
tsa39,2045,735767,116,0.1,0.01,0.01
tsa39,2046,735767,116,0.1,0.01,0.01
tsa39,2047,735767,116,0.1,0.01,0.01
tsa39,2048,735767,116,0.1,0.01,0.01
tsa39,2049,735767,116,0.1,0.01,0.01
tsa39,2050,735767,116,0.1,0.01,0.01
tsa39,2051,735767,116,0.1,0.01,0.01
tsa39,2052,735767,116,0.1,0.01,0.01
tsa39,2053,735767,116,0.1,0.01,0.01
tsa39,2054,735767,116,0.1,0.01,0.01
tsa39,2055,735601,116,0.1,0.01,0.01
tsa39,2056,735601,116,0.1,0.01,0.01
tsa39,2057,735601,116,0.1,0.01,0.01
tsa39,2058,735601,116,0.1,0.01,0.01
tsa39,2059,735601,116,0.1,0.01,0.01
tsa39,2060,735601,116,0.1,0.01,0.01
tsa39,2061,735601,116,0.1,0.01,0.01
tsa39,2062,735601,116,0.1,0.01,0.01
tsa39,2063,735601,116,0.1,0.01,0.01
tsa39,2064,735601,116,0.1,0.01,0.01
tsa39,2065,735601,116,0.1,0.01,0.01
tsa39,2066,735601,116,0.1,0.01,0.01
tsa39,2067,735601,116,0.1,0.01,0.01
tsa39,2068,735601,116,0.1,0.01,0.01
tsa39,2069,735601,116,0.1,0.01,0.01
tsa39,2070,735601,116,0.1,0.01,0.01
tsa39,2071,735601,116,0.1,0.01,0.01
tsa39,2072,735601,116,0.1,0.01,0.01
tsa39,2073,735601,116,0.1,0.01,0.01
tsa39,2074,735601,116,0.1,0.01,0.01
tsa40,2015,1454348,3520,0.1,0.01,0.01
tsa40,2016,1454348,3520,0.1,0.01,0.01
tsa40,2017,1454348,3520,0.1,0.01,0.01
tsa40,2018,1454348,3520,0.1,0.01,0.01
tsa40,2019,1454348,3520,0.1,0.01,0.01
tsa40,2020,1454348,3520,0.1,0.01,0.01
tsa40,2021,1454348,3520,0.1,0.01,0.01
tsa40,2022,1454348,3520,0.1,0.01,0.01
tsa40,2023,1454348,3520,0.1,0.01,0.01
tsa40,2024,1454348,3520,0.1,0.01,0.01
tsa40,2025,1310883,3520,0.1,0.01,0.01
tsa40,2026,1310883,3520,0.1,0.01,0.01
tsa40,2027,1310883,3520,0.1,0.01,0.01
tsa40,2028,1310883,3520,0.1,0.01,0.01
tsa40,2029,1310883,3520,0.1,0.01,0.01
tsa40,2030,1310883,3520,0.1,0.01,0.01
tsa40,2031,1310883,3520,0.1,0.01,0.01
tsa40,2032,1310883,3520,0.1,0.01,0.01
tsa40,2033,1310883,3520,0.1,0.01,0.01
tsa40,2034,1310883,3520,0.1,0.01,0.01
tsa40,2035,1244546,3520,0.1,0.01,0.01
tsa40,2036,1244546,3520,0.1,0.01,0.01
tsa40,2037,1244546,3520,0.1,0.01,0.01
tsa40,2038,1244546,3520,0.1,0.01,0.01
tsa40,2039,1244546,3520,0.1,0.01,0.01
tsa40,2040,1244546,3520,0.1,0.01,0.01
tsa40,2041,1244546,3520,0.1,0.01,0.01
tsa40,2042,1244546,3520,0.1,0.01,0.01
tsa40,2043,1244546,3520,0.1,0.01,0.01
tsa40,2044,1244546,3520,0.1,0.01,0.01
tsa40,2045,1237882,3520,0.1,0.01,0.01
tsa40,2046,1237882,3520,0.1,0.01,0.01
tsa40,2047,1237882,3520,0.1,0.01,0.01
tsa40,2048,1237882,3520,0.1,0.01,0.01
tsa40,2049,1237882,3520,0.1,0.01,0.01
tsa40,2050,1237882,3520,0.1,0.01,0.01
tsa40,2051,1237882,3520,0.1,0.01,0.01
tsa40,2052,1237882,3520,0.1,0.01,0.01
tsa40,2053,1237882,3520,0.1,0.01,0.01
tsa40,2054,1237882,3520,0.1,0.01,0.01
tsa40,2055,1237603,3520,0.1,0.01,0.01
tsa40,2056,1237603,3520,0.1,0.01,0.01
tsa40,2057,1237603,3520,0.1,0.01,0.01
tsa40,2058,1237603,3520,0.1,0.01,0.01
tsa40,2059,1237603,3520,0.1,0.01,0.01
tsa40,2060,1237603,3520,0.1,0.01,0.01
tsa40,2061,1237603,3520,0.1,0.01,0.01
tsa40,2062,1237603,3520,0.1,0.01,0.01
tsa40,2063,1237603,3520,0.1,0.01,0.01
tsa40,2064,1237603,3520,0.1,0.01,0.01
tsa40,2065,1237603,3520,0.1,0.01,0.01
tsa40,2066,1237603,3520,0.1,0.01,0.01
tsa40,2067,1237603,3520,0.1,0.01,0.01
tsa40,2068,1237603,3520,0.1,0.01,0.01
tsa40,2069,1237603,3520,0.1,0.01,0.01
tsa40,2070,1237603,3520,0.1,0.01,0.01
tsa40,2071,1237603,3520,0.1,0.01,0.01
tsa40,2072,1237603,3520,0.1,0.01,0.01
tsa40,2073,1237603,3520,0.1,0.01,0.01
tsa40,2074,1237603,3520,0.1,0.01,0.01
tsa41,2015,1447901,3205,0.1,0.01,0.01
tsa41,2016,1447901,3205,0.1,0.01,0.01
tsa41,2017,1447901,3205,0.1,0.01,0.01
tsa41,2018,1447901,3205,0.1,0.01,0.01
tsa41,2019,1447901,3205,0.1,0.01,0.01
tsa41,2020,1447901,3205,0.1,0.01,0.01
tsa41,2021,1447901,3205,0.1,0.01,0.01
tsa41,2022,1447901,3205,0.1,0.01,0.01
tsa41,2023,1447901,3205,0.1,0.01,0.01
tsa41,2024,1447901,3205,0.1,0.01,0.01
tsa41,2025,1305071,3205,0.1,0.01,0.01
tsa41,2026,1305071,3205,0.1,0.01,0.01
tsa41,2027,1305071,3205,0.1,0.01,0.01
tsa41,2028,1305071,3205,0.1,0.01,0.01
tsa41,2029,1305071,3205,0.1,0.01,0.01
tsa41,2030,1305071,3205,0.1,0.01,0.01
tsa41,2031,1305071,3205,0.1,0.01,0.01
tsa41,2032,1305071,3205,0.1,0.01,0.01
tsa41,2033,1305071,3205,0.1,0.01,0.01
tsa41,2034,1305071,3205,0.1,0.01,0.01
tsa41,2035,1239028,3205,0.1,0.01,0.01
tsa41,2036,1239028,3205,0.1,0.01,0.01
tsa41,2037,1239028,3205,0.1,0.01,0.01
tsa41,2038,1239028,3205,0.1,0.01,0.01
tsa41,2039,1239028,3205,0.1,0.01,0.01
tsa41,2040,1239028,3205,0.1,0.01,0.01
tsa41,2041,1239028,3205,0.1,0.01,0.01
tsa41,2042,1239028,3205,0.1,0.01,0.01
tsa41,2043,1239028,3205,0.1,0.01,0.01
tsa41,2044,1239028,3205,0.1,0.01,0.01
tsa41,2045,1232394,3205,0.1,0.01,0.01
tsa41,2046,1232394,3205,0.1,0.01,0.01
tsa41,2047,1232394,3205,0.1,0.01,0.01
tsa41,2048,1232394,3205,0.1,0.01,0.01
tsa41,2049,1232394,3205,0.1,0.01,0.01
tsa41,2050,1232394,3205,0.1,0.01,0.01
tsa41,2051,1232394,3205,0.1,0.01,0.01
tsa41,2052,1232394,3205,0.1,0.01,0.01
tsa41,2053,1232394,3205,0.1,0.01,0.01
tsa41,2054,1232394,3205,0.1,0.01,0.01
tsa41,2055,1232117,3205,0.1,0.01,0.01
tsa41,2056,1232117,3205,0.1,0.01,0.01
tsa41,2057,1232117,3205,0.1,0.01,0.01
tsa41,2058,1232117,3205,0.1,0.01,0.01
tsa41,2059,1232117,3205,0.1,0.01,0.01
tsa41,2060,1232117,3205,0.1,0.01,0.01
tsa41,2061,1232117,3205,0.1,0.01,0.01
tsa41,2062,1232117,3205,0.1,0.01,0.01
tsa41,2063,1232117,3205,0.1,0.01,0.01
tsa41,2064,1232117,3205,0.1,0.01,0.01
tsa41,2065,1232117,3205,0.1,0.01,0.01
tsa41,2066,1232117,3205,0.1,0.01,0.01
tsa41,2067,1232117,3205,0.1,0.01,0.01
tsa41,2068,1232117,3205,0.1,0.01,0.01
tsa41,2069,1232117,3205,0.1,0.01,0.01
tsa41,2070,1232117,3205,0.1,0.01,0.01
tsa41,2071,1232117,3205,0.1,0.01,0.01
tsa41,2072,1232117,3205,0.1,0.01,0.01
tsa41,2073,1232117,3205,0.1,0.01,0.01
tsa41,2074,1232117,3205,0.1,0.01,0.01
tsa43,2015,656974,4,0.1,0.01,0.01
tsa43,2016,656974,4,0.1,0.01,0.01
tsa43,2017,656974,4,0.1,0.01,0.01
tsa43,2018,656974,4,0.1,0.01,0.01
tsa43,2019,656974,4,0.1,0.01,0.01
tsa43,2020,656974,4,0.1,0.01,0.01
tsa43,2021,656974,4,0.1,0.01,0.01
tsa43,2022,656974,4,0.1,0.01,0.01
tsa43,2023,656974,4,0.1,0.01,0.01
tsa43,2024,656974,4,0.1,0.01,0.01
tsa43,2025,592166,4,0.1,0.01,0.01
tsa43,2026,592166,4,0.1,0.01,0.01
tsa43,2027,592166,4,0.1,0.01,0.01
tsa43,2028,592166,4,0.1,0.01,0.01
tsa43,2029,592166,4,0.1,0.01,0.01
tsa43,2030,592166,4,0.1,0.01,0.01
tsa43,2031,592166,4,0.1,0.01,0.01
tsa43,2032,592166,4,0.1,0.01,0.01
tsa43,2033,592166,4,0.1,0.01,0.01
tsa43,2034,592166,4,0.1,0.01,0.01
tsa43,2035,562200,4,0.1,0.01,0.01
tsa43,2036,562200,4,0.1,0.01,0.01
tsa43,2037,562200,4,0.1,0.01,0.01
tsa43,2038,562200,4,0.1,0.01,0.01
tsa43,2039,562200,4,0.1,0.01,0.01
tsa43,2040,562200,4,0.1,0.01,0.01
tsa43,2041,562200,4,0.1,0.01,0.01
tsa43,2042,562200,4,0.1,0.01,0.01
tsa43,2043,562200,4,0.1,0.01,0.01
tsa43,2044,562200,4,0.1,0.01,0.01
tsa43,2045,559189,4,0.1,0.01,0.01
tsa43,2046,559189,4,0.1,0.01,0.01
tsa43,2047,559189,4,0.1,0.01,0.01
tsa43,2048,559189,4,0.1,0.01,0.01
tsa43,2049,559189,4,0.1,0.01,0.01
tsa43,2050,559189,4,0.1,0.01,0.01
tsa43,2051,559189,4,0.1,0.01,0.01
tsa43,2052,559189,4,0.1,0.01,0.01
tsa43,2053,559189,4,0.1,0.01,0.01
tsa43,2054,559189,4,0.1,0.01,0.01
tsa43,2055,559063,4,0.1,0.01,0.01
tsa43,2056,559063,4,0.1,0.01,0.01
tsa43,2057,559063,4,0.1,0.01,0.01
tsa43,2058,559063,4,0.1,0.01,0.01
tsa43,2059,559063,4,0.1,0.01,0.01
tsa43,2060,559063,4,0.1,0.01,0.01
tsa43,2061,559063,4,0.1,0.01,0.01
tsa43,2062,559063,4,0.1,0.01,0.01
tsa43,2063,559063,4,0.1,0.01,0.01
tsa43,2064,559063,4,0.1,0.01,0.01
tsa43,2065,559063,4,0.1,0.01,0.01
tsa43,2066,559063,4,0.1,0.01,0.01
tsa43,2067,559063,4,0.1,0.01,0.01
tsa43,2068,559063,4,0.1,0.01,0.01
tsa43,2069,559063,4,0.1,0.01,0.01
tsa43,2070,559063,4,0.1,0.01,0.01
tsa43,2071,559063,4,0.1,0.01,0.01
tsa43,2072,559063,4,0.1,0.01,0.01
tsa43,2073,559063,4,0.1,0.01,0.01
tsa43,2074,559063,4,0.1,0.01,0.01
tsa44,2015,731387,7,0.1,0.01,0.01
tsa44,2016,731387,7,0.1,0.01,0.01
tsa44,2017,731387,7,0.1,0.01,0.01
tsa44,2018,731387,7,0.1,0.01,0.01
tsa44,2019,731387,7,0.1,0.01,0.01
tsa44,2020,731387,7,0.1,0.01,0.01
tsa44,2021,731387,7,0.1,0.01,0.01
tsa44,2022,731387,7,0.1,0.01,0.01
tsa44,2023,731387,7,0.1,0.01,0.01
tsa44,2024,731387,7,0.1,0.01,0.01
tsa44,2025,659239,7,0.1,0.01,0.01
tsa44,2026,659239,7,0.1,0.01,0.01
tsa44,2027,659239,7,0.1,0.01,0.01
tsa44,2028,659239,7,0.1,0.01,0.01
tsa44,2029,659239,7,0.1,0.01,0.01
tsa44,2030,659239,7,0.1,0.01,0.01
tsa44,2031,659239,7,0.1,0.01,0.01
tsa44,2032,659239,7,0.1,0.01,0.01
tsa44,2033,659239,7,0.1,0.01,0.01
tsa44,2034,659239,7,0.1,0.01,0.01
tsa44,2035,625878,7,0.1,0.01,0.01
tsa44,2036,625878,7,0.1,0.01,0.01
tsa44,2037,625878,7,0.1,0.01,0.01
tsa44,2038,625878,7,0.1,0.01,0.01
tsa44,2039,625878,7,0.1,0.01,0.01
tsa44,2040,625878,7,0.1,0.01,0.01
tsa44,2041,625878,7,0.1,0.01,0.01
tsa44,2042,625878,7,0.1,0.01,0.01
tsa44,2043,625878,7,0.1,0.01,0.01
tsa44,2044,625878,7,0.1,0.01,0.01
tsa44,2045,622527,7,0.1,0.01,0.01
tsa44,2046,622527,7,0.1,0.01,0.01
tsa44,2047,622527,7,0.1,0.01,0.01
tsa44,2048,622527,7,0.1,0.01,0.01
tsa44,2049,622527,7,0.1,0.01,0.01
tsa44,2050,622527,7,0.1,0.01,0.01
tsa44,2051,622527,7,0.1,0.01,0.01
tsa44,2052,622527,7,0.1,0.01,0.01
tsa44,2053,622527,7,0.1,0.01,0.01
tsa44,2054,622527,7,0.1,0.01,0.01
tsa44,2055,622387,7,0.1,0.01,0.01
tsa44,2056,622387,7,0.1,0.01,0.01
tsa44,2057,622387,7,0.1,0.01,0.01
tsa44,2058,622387,7,0.1,0.01,0.01
tsa44,2059,622387,7,0.1,0.01,0.01
tsa44,2060,622387,7,0.1,0.01,0.01
tsa44,2061,622387,7,0.1,0.01,0.01
tsa44,2062,622387,7,0.1,0.01,0.01
tsa44,2063,622387,7,0.1,0.01,0.01
tsa44,2064,622387,7,0.1,0.01,0.01
tsa44,2065,622387,7,0.1,0.01,0.01
tsa44,2066,622387,7,0.1,0.01,0.01
tsa44,2067,622387,7,0.1,0.01,0.01
tsa44,2068,622387,7,0.1,0.01,0.01
tsa44,2069,622387,7,0.1,0.01,0.01
tsa44,2070,622387,7,0.1,0.01,0.01
tsa44,2071,622387,7,0.1,0.01,0.01
tsa44,2072,622387,7,0.1,0.01,0.01
tsa44,2073,622387,7,0.1,0.01,0.01
tsa44,2074,622387,7,0.1,0.01,0.01
tsa45,2015,335905,115,0.1,0.01,0.01
tsa45,2016,335905,115,0.1,0.01,0.01
tsa45,2017,335905,115,0.1,0.01,0.01
tsa45,2018,335905,115,0.1,0.01,0.01
tsa45,2019,335905,115,0.1,0.01,0.01
tsa45,2020,335905,115,0.1,0.01,0.01
tsa45,2021,335905,115,0.1,0.01,0.01
tsa45,2022,335905,115,0.1,0.01,0.01
tsa45,2023,335905,115,0.1,0.01,0.01
tsa45,2024,335905,115,0.1,0.01,0.01
tsa45,2025,302769,115,0.1,0.01,0.01
tsa45,2026,302769,115,0.1,0.01,0.01
tsa45,2027,302769,115,0.1,0.01,0.01
tsa45,2028,302769,115,0.1,0.01,0.01
tsa45,2029,302769,115,0.1,0.01,0.01
tsa45,2030,302769,115,0.1,0.01,0.01
tsa45,2031,302769,115,0.1,0.01,0.01
tsa45,2032,302769,115,0.1,0.01,0.01
tsa45,2033,302769,115,0.1,0.01,0.01
tsa45,2034,302769,115,0.1,0.01,0.01
tsa45,2035,287448,115,0.1,0.01,0.01
tsa45,2036,287448,115,0.1,0.01,0.01
tsa45,2037,287448,115,0.1,0.01,0.01
tsa45,2038,287448,115,0.1,0.01,0.01
tsa45,2039,287448,115,0.1,0.01,0.01
tsa45,2040,287448,115,0.1,0.01,0.01
tsa45,2041,287448,115,0.1,0.01,0.01
tsa45,2042,287448,115,0.1,0.01,0.01
tsa45,2043,287448,115,0.1,0.01,0.01
tsa45,2044,287448,115,0.1,0.01,0.01
tsa45,2045,285909,115,0.1,0.01,0.01
tsa45,2046,285909,115,0.1,0.01,0.01
tsa45,2047,285909,115,0.1,0.01,0.01
tsa45,2048,285909,115,0.1,0.01,0.01
tsa45,2049,285909,115,0.1,0.01,0.01
tsa45,2050,285909,115,0.1,0.01,0.01
tsa45,2051,285909,115,0.1,0.01,0.01
tsa45,2052,285909,115,0.1,0.01,0.01
tsa45,2053,285909,115,0.1,0.01,0.01
tsa45,2054,285909,115,0.1,0.01,0.01
tsa45,2055,285844,115,0.1,0.01,0.01
tsa45,2056,285844,115,0.1,0.01,0.01
tsa45,2057,285844,115,0.1,0.01,0.01
tsa45,2058,285844,115,0.1,0.01,0.01
tsa45,2059,285844,115,0.1,0.01,0.01
tsa45,2060,285844,115,0.1,0.01,0.01
tsa45,2061,285844,115,0.1,0.01,0.01
tsa45,2062,285844,115,0.1,0.01,0.01
tsa45,2063,285844,115,0.1,0.01,0.01
tsa45,2064,285844,115,0.1,0.01,0.01
tsa45,2065,285844,115,0.1,0.01,0.01
tsa45,2066,285844,115,0.1,0.01,0.01
tsa45,2067,285844,115,0.1,0.01,0.01
tsa45,2068,285844,115,0.1,0.01,0.01
tsa45,2069,285844,115,0.1,0.01,0.01
tsa45,2070,285844,115,0.1,0.01,0.01
tsa45,2071,285844,115,0.1,0.01,0.01
tsa45,2072,285844,115,0.1,0.01,0.01
tsa45,2073,285844,115,0.1,0.01,0.01
tsa45,2074,285844,115,0.1,0.01,0.01
